velocidad;potencia;rho_kgm3;area_m2;Cp
11,482;804,319;1,225;1963,495;0,417
8,172;304,7;1,225;1963,495;0,463
3,839;28,733;1,225;1963,495;0,423
5,116;77,799;1,225;1963,495;0,487
4,894;61,444;1,225;1963,495;0,467
5,901;101,675;1,225;1963,495;0,447
11,698;906,917;1,225;1963,495;0,447
1,68;2,693;1,225;1963,495;0,5
5,668;85,323;1,225;1963,495;0,396
11,558;882,617;1,225;1963,495;0,476
11,097;630,949;1,225;1963,495;0,446
8,916;375,833;1,225;1963,495;0,459
2,244;6,28;1,225;1963,495;0,386
5,474;96,13;1,225;1963,495;0,485
12,678;1171,316;1,225;1963,495;0,462
14,192;1543,122;1,225;1963,495;0,477
10,371;541,986;1,225;1963,495;0,429
2,668;10,348;1,225;1963,495;0,452
12,787;1122,443;1,225;1963,495;0,471
2,683;11,114;1,225;1963,495;0,49
5,185;73,166;1,225;1963,495;0,433
5,38;88,484;1,225;1963,495;0,5
5,873;108,627;1,225;1963,495;0,48
2,035;4,212;1,225;1963,495;0,44
3,016;14,424;1,225;1963,495;0,462
11,044;837,833;1,225;1963,495;0,487
1,469;1,897;1,225;1963,495;0,468
5,938;126,659;1,225;1963,495;0,5
0,44;0,042;1,225;1963,495;0,425
6,909;187,533;1,225;1963,495;0,474
1,625;2,397;1,225;1963,495;0,466
0,883;0,389;1,225;1963,495;0,5
11,85;771,851;1,225;1963,495;0,412
3,309;17,227;1,225;1963,495;0,426
11,838;764,959;1,225;1963,495;0,414
4,184;40,7;1,225;1963,495;0,445
11,687;954,327;1,225;1963,495;0,485
6,631;191,725;1,225;1963,495;0,5
9,858;459,412;1,225;1963,495;0,425
14,137;1641,739;1,225;1963,495;0,459
3,325;20,923;1,225;1963,495;0,406
9,299;451,12;1,225;1963,495;0,486
1,572;2,172;1,225;1963,495;0,478
6,957;175,745;1,225;1963,495;0,499
2,675;10,398;1,225;1963,495;0,466
11,207;756,184;1,225;1963,495;0,447
1,91;3,417;1,225;1963,495;0,423
6,667;156,701;1,225;1963,495;0,462
1,402;1,486;1,225;1963,495;0,5
7,054;177,904;1,225;1963,495;0,432
12,903;1371,441;1,225;1963,495;0,486
11,251;770,437;1,225;1963,495;0,444
7,085;188,135;1,225;1963,495;0,455
13,388;1196,66;1,225;1963,495;0,457
7,309;240,028;1,225;1963,495;0,5
4,044;37,903;1,225;1963,495;0,482
2,402;8,415;1,225;1963,495;0,467
11,93;916,903;1,225;1963,495;0,426
2,517;8,049;1,225;1963,495;0,409
9,544;461,986;1,225;1963,495;0,434
12,561;1096,974;1,225;1963,495;0,464
4,056;30,81;1,225;1963,495;0,454
11,002;698,468;1,225;1963,495;0,447
2,052;4,322;1,225;1963,495;0,433
0,921;0,403;1,225;1963,495;0,438
9,932;484,973;1,225;1963,495;0,429
6,487;125,741;1,225;1963,495;0,404
13,812;1465,933;1,225;1963,495;0,461
13,596;1487,517;1,225;1963,495;0,421
11,075;735,95;1,225;1963,495;0,448
11,431;828,92;1,225;1963,495;0,46
10,043;576,345;1,225;1963,495;0,453
11,085;758,231;1,225;1963,495;0,428
4,7;64,415;1,225;1963,495;0,5
13,901;1514,365;1,225;1963,495;0,456
11,474;911,153;1,225;1963,495;0,492
12,179;928,469;1,225;1963,495;0,418
0,827;0,274;1,225;1963,495;0,409
3,817;25,818;1,225;1963,495;0,431
4,864;62,4;1,225;1963,495;0,427
12,819;1252,645;1,225;1963,495;0,475
8,215;265,372;1,225;1963,495;0,416
9,952;576,07;1,225;1963,495;0,455
7,544;228,72;1,225;1963,495;0,429
6,982;188,711;1,225;1963,495;0,5
6,761;173,703;1,225;1963,495;0,438
7,987;316,517;1,225;1963,495;0,484
12,595;1125,244;1,225;1963,495;0,457
12,271;977,317;1,225;1963,495;0,455
13,626;1326,29;1,225;1963,495;0,448
11,657;848,321;1,225;1963,495;0,471
1,105;0,716;1,225;1963,495;0,444
4,393;43,504;1,225;1963,495;0,434
4,66;53,73;1,225;1963,495;0,42
2,106;4,745;1,225;1963,495;0,452
14,05;1471,936;1,225;1963,495;0,455
12,407;984,41;1,225;1963,495;0,427
6,501;131,185;1,225;1963,495;0,384
1,491;1,996;1,225;1963,495;0,462
5,902;97,554;1,225;1963,495;0,442
3,278;17,619;1,225;1963,495;0,416
5,78;104,748;1,225;1963,495;0,421
6,872;170,025;1,225;1963,495;0,454
14,403;1708,842;1,225;1963,495;0,495
6,538;128,564;1,225;1963,495;0,429
1,326;1,263;1,225;1963,495;0,43
5,508;92,798;1,225;1963,495;0,453
7,002;158,259;1,225;1963,495;0,425
4,832;62,835;1,225;1963,495;0,475
1,765;2,895;1,225;1963,495;0,43
14,33;1743,571;1,225;1963,495;0,485
1,496;1,742;1,225;1963,495;0,47
10,701;640,4;1,225;1963,495;0,468
8,089;285,277;1,225;1963,495;0,424
12,141;916,24;1,225;1963,495;0,425
9,974;504,477;1,225;1963,495;0,457
1,312;0,985;1,225;1963,495;0,41
0,791;0,248;1,225;1963,495;0,444
1,623;2,376;1,225;1963,495;0,467
9,94;464,405;1,225;1963,495;0,418
2,579;10,724;1,225;1963,495;0,485
2,637;8,085;1,225;1963,495;0,35
5,705;116,038;1,225;1963,495;0,5
0,693;0,191;1,225;1963,495;0,469
13,962;1407,607;1,225;1963,495;0,445
10,367;616,245;1,225;1963,495;0,472
9,416;434,309;1,225;1963,495;0,418
11,529;749,074;1,225;1963,495;0,41
14,495;1587,278;1,225;1963,495;0,473
2,19;5,935;1,225;1963,495;0,486
11,665;867,871;1,225;1963,495;0,442
12,244;991,493;1,225;1963,495;0,443
7,672;235,424;1,225;1963,495;0,431
4,297;40,447;1,225;1963,495;0,449
11,501;822,963;1,225;1963,495;0,41
2,647;7,773;1,225;1963,495;0,396
14,307;1447,949;1,225;1963,495;0,449
3,971;32,193;1,225;1963,495;0,435
11,857;895,361;1,225;1963,495;0,492
9,811;477,031;1,225;1963,495;0,444
9,216;458,057;1,225;1963,495;0,477
10,126;503,704;1,225;1963,495;0,441
1,036;0,634;1,225;1963,495;0,44
1,499;1,752;1,225;1963,495;0,428
9,745;438,842;1,225;1963,495;0,407
8,906;339,011;1,225;1963,495;0,399
3,444;23,926;1,225;1963,495;0,477
12,764;1176,444;1,225;1963,495;0,443
12,497;1024,729;1,225;1963,495;0,471
11,572;805,31;1,225;1963,495;0,457
2,164;4,972;1,225;1963,495;0,39
12,535;1000,78;1,225;1963,495;0,412
5,888;104,563;1,225;1963,495;0,448
11,789;850,395;1,225;1963,495;0,457
11,043;695,178;1,225;1963,495;0,434
9,187;449,525;1,225;1963,495;0,473
8,425;376,573;1,225;1963,495;0,5
7,646;270,404;1,225;1963,495;0,489
7,799;269,595;1,225;1963,495;0,45
8,452;278,472;1,225;1963,495;0,425
14,249;1708,905;1,225;1963,495;0,491
0,855;0,384;1,225;1963,495;0,5
12,401;1002,054;1,225;1963,495;0,453
13,412;1328,156;1,225;1963,495;0,438
10,74;671,954;1,225;1963,495;0,442
13,01;1232,581;1,225;1963,495;0,464
6,588;151,728;1,225;1963,495;0,463
10,268;524,307;1,225;1963,495;0,447
8,206;301,573;1,225;1963,495;0,438
5,114;66,799;1,225;1963,495;0,412
3,614;23,376;1,225;1963,495;0,422
12,884;1031,859;1,225;1963,495;0,459
2,304;6,565;1,225;1963,495;0,466
12,418;1077,083;1,225;1963,495;0,49
14,264;1569,463;1,225;1963,495;0,466
7,154;191,052;1,225;1963,495;0,404
3,72;28,821;1,225;1963,495;0,452
8,714;332,112;1,225;1963,495;0,459
8,969;358,094;1,225;1963,495;0,426
6,202;130,524;1,225;1963,495;0,476
10,742;663,081;1,225;1963,495;0,435
12,154;1157,26;1,225;1963,495;0,449
10,951;739,004;1,225;1963,495;0,468
1,102;0,682;1,225;1963,495;0,397
13,347;1553,977;1,225;1963,495;0,5
4,68;58,005;1,225;1963,495;0,433
13,226;1248,769;1,225;1963,495;0,439
4,872;62,095;1,225;1963,495;0,43
10,175;587,119;1,225;1963,495;0,462
6,139;124,777;1,225;1963,495;0,5
9,303;478,611;1,225;1963,495;0,478
11,101;820,613;1,225;1963,495;0,493
11,51;776,386;1,225;1963,495;0,399
8,935;349,194;1,225;1963,495;0,421
8,697;351,098;1,225;1963,495;0,447
7,13;217,328;1,225;1963,495;0,5
9,774;526,927;1,225;1963,495;0,443
11,867;835,951;1,225;1963,495;0,444
1,179;0,847;1,225;1963,495;0,43
4,169;40,271;1,225;1963,495;0,449
2,943;14,15;1,225;1963,495;0,477
5,908;120,004;1,225;1963,495;0,456
4,641;55,411;1,225;1963,495;0,466
6,099;108,696;1,225;1963,495;0,389
5,014;75,78;1,225;1963,495;0,47
13,426;1293,97;1,225;1963,495;0,446
4,371;47,492;1,225;1963,495;0,465
10,357;679,959;1,225;1963,495;0,472
5,983;117,29;1,225;1963,495;0,455
3,422;21,227;1,225;1963,495;0,426
7,493;204,361;1,225;1963,495;0,416
11,592;879,257;1,225;1963,495;0,44
2,604;7,47;1,225;1963,495;0,369
13,731;1301,569;1,225;1963,495;0,435
0,873;0,379;1,225;1963,495;0,454
10,683;550,189;1,225;1963,495;0,397
11,22;776,115;1,225;1963,495;0,469
13,551;1407,745;1,225;1963,495;0,47
9,138;356,663;1,225;1963,495;0,401
8,525;310,051;1,225;1963,495;0,434
3,927;30,417;1,225;1963,495;0,457
12,893;1166,23;1,225;1963,495;0,448
10,454;635,558;1,225;1963,495;0,452
2,056;5,022;1,225;1963,495;0,454
8,366;312,057;1,225;1963,495;0,44
8,429;276,863;1,225;1963,495;0,448
12,831;1209,837;1,225;1963,495;0,5
3,184;17,352;1,225;1963,495;0,463
5,874;111,51;1,225;1963,495;0,469
12,556;1010,698;1,225;1963,495;0,439
14,022;1595,021;1,225;1963,495;0,469
1,829;3,261;1,225;1963,495;0,466
11,967;952,4;1,225;1963,495;0,453
1,72;2,616;1,225;1963,495;0,421
4,914;60,156;1,225;1963,495;0,409
12,044;907,531;1,225;1963,495;0,464
9,226;477,681;1,225;1963,495;0,499
1,899;3,883;1,225;1963,495;0,445
7,779;226,663;1,225;1963,495;0,416
5,038;74,558;1,225;1963,495;0,475
0,467;0,052;1,225;1963,495;0,464
4,09;33,968;1,225;1963,495;0,433
7,46;275,089;1,225;1963,495;0,492
6,268;132,449;1,225;1963,495;0,418
5,024;72,031;1,225;1963,495;0,448
0,537;0,097;1,225;1963,495;0,497
7,426;206,405;1,225;1963,495;0,414
11,901;916,166;1,225;1963,495;0,469
11,88;899,1;1,225;1963,495;0,467
1,61;1,739;1,225;1963,495;0,395
3,881;31,81;1,225;1963,495;0,456
6,642;157,657;1,225;1963,495;0,435
6,246;123,914;1,225;1963,495;0,45
6,345;133,856;1,225;1963,495;0,427
5,635;99,473;1,225;1963,495;0,462
10,926;605,297;1,225;1963,495;0,433
11,048;769,578;1,225;1963,495;0,459
9,671;463,026;1,225;1963,495;0,435
7,095;202,79;1,225;1963,495;0,468
10,787;607,716;1,225;1963,495;0,381
7,981;325,74;1,225;1963,495;0,473
1,919;4,684;1,225;1963,495;0,471
0,635;0,144;1,225;1963,495;0,455
12,929;1232,023;1,225;1963,495;0,458
3,176;16,858;1,225;1963,495;0,436
1,297;1,372;1,225;1963,495;0,476
7,456;234,119;1,225;1963,495;0,474
14,493;1412,439;1,225;1963,495;0,422
2,375;6,473;1,225;1963,495;0,426
11,726;905,129;1,225;1963,495;0,455
1,69;2,962;1,225;1963,495;0,5
1,521;2,032;1,225;1963,495;0,455
5,886;111,885;1,225;1963,495;0,461
10,432;591,181;1,225;1963,495;0,488
13,262;1276,918;1,225;1963,495;0,468
0,56;0,1;1,225;1963,495;0,45
5,752;105,037;1,225;1963,495;0,45
4,753;54,201;1,225;1963,495;0,451
4,129;33,802;1,225;1963,495;0,391
1,435;1,492;1,225;1963,495;0,448
11,924;881,122;1,225;1963,495;0,429
14,412;1651,938;1,225;1963,495;0,461
1,684;2,455;1,225;1963,495;0,4
4,06;41,506;1,225;1963,495;0,49
11,997;805,013;1,225;1963,495;0,413
0,694;0,191;1,225;1963,495;0,465
13,414;1382,898;1,225;1963,495;0,418
6,697;148,084;1,225;1963,495;0,395
4,678;53,637;1,225;1963,495;0,467
6,213;139,392;1,225;1963,495;0,453
0,599;0,122;1,225;1963,495;0,467
5,375;72,397;1,225;1963,495;0,405
5,782;103,997;1,225;1963,495;0,453
7,878;261,191;1,225;1963,495;0,438
3,716;31,499;1,225;1963,495;0,474
1,279;1,236;1,225;1963,495;0,443
13,162;1233,666;1,225;1963,495;0,44
5,597;81,08;1,225;1963,495;0,425
4,354;46,048;1,225;1963,495;0,45
7,475;237,543;1,225;1963,495;0,45
13,94;1260,729;1,225;1963,495;0,429
12,068;1018,22;1,225;1963,495;0,452
6,827;188,355;1,225;1963,495;0,426
1,665;2,434;1,225;1963,495;0,411
1,209;1,107;1,225;1963,495;0,497
13,23;1107,446;1,225;1963,495;0,413
6,353;131,707;1,225;1963,495;0,452
7,844;268,327;1,225;1963,495;0,484
2,536;9,027;1,225;1963,495;0,432
8,592;334,844;1,225;1963,495;0,469
12,084;865,25;1,225;1963,495;0,433
11,352;829,156;1,225;1963,495;0,475
13,902;1366,181;1,225;1963,495;0,436
5,228;82,398;1,225;1963,495;0,421
5,133;74,789;1,225;1963,495;0,483
10,148;638,576;1,225;1963,495;0,464
3,636;22,448;1,225;1963,495;0,411
4,58;49,519;1,225;1963,495;0,449
6,413;152,256;1,225;1963,495;0,436
13,76;1520,341;1,225;1963,495;0,5
13,807;1319,226;1,225;1963,495;0,409
5,022;74,463;1,225;1963,495;0,5
11,329;713,332;1,225;1963,495;0,429
3,453;23,007;1,225;1963,495;0,488
9,745;541,706;1,225;1963,495;0,496
4,646;56,584;1,225;1963,495;0,459
14,066;1615,753;1,225;1963,495;0,456
5,425;97,403;1,225;1963,495;0,457
2,104;4,634;1,225;1963,495;0,433
5,73;112,156;1,225;1963,495;0,46
11,003;760,431;1,225;1963,495;0,442
1,589;2,569;1,225;1963,495;0,474
10,045;494,249;1,225;1963,495;0,449
0,559;0,094;1,225;1963,495;0,465
0,676;0,128;1,225;1963,495;0,434
5,185;82,9;1,225;1963,495;0,5
9,273;505,269;1,225;1963,495;0,481
1,801;3,435;1,225;1963,495;0,49
4,212;37,521;1,225;1963,495;0,445
12,464;1070,163;1,225;1963,495;0,461
13,679;1521,895;1,225;1963,495;0,476
3,652;23,745;1,225;1963,495;0,46
12,073;970,672;1,225;1963,495;0,5
7,003;179,024;1,225;1963,495;0,454
1,183;0,86;1,225;1963,495;0,401
1,688;2,426;1,225;1963,495;0,428
8,634;319,147;1,225;1963,495;0,441
10,161;603,969;1,225;1963,495;0,467
3,078;13,983;1,225;1963,495;0,448
10,231;555,315;1,225;1963,495;0,477
11,586;748,039;1,225;1963,495;0,476
7,593;209,816;1,225;1963,495;0,416
7,607;254,672;1,225;1963,495;0,479
5,744;94,165;1,225;1963,495;0,408
3,431;22,083;1,225;1963,495;0,43
10,623;594,819;1,225;1963,495;0,415
1,776;3,407;1,225;1963,495;0,471
9,433;462,807;1,225;1963,495;0,454
9,664;527,949;1,225;1963,495;0,492
2,63;10,123;1,225;1963,495;0,485
6,551;126,71;1,225;1963,495;0,407
5,277;93,745;1,225;1963,495;0,476
5,976;120,737;1,225;1963,495;0,458
11,761;873,328;1,225;1963,495;0,462
3,248;16,482;1,225;1963,495;0,431
14,179;1659,62;1,225;1963,495;0,417
4,691;54,445;1,225;1963,495;0,438
12,591;1054,226;1,225;1963,495;0,43
3,863;27,231;1,225;1963,495;0,452
2,563;9,492;1,225;1963,495;0,472
3,939;32,406;1,225;1963,495;0,418
14,145;1666,89;1,225;1963,495;0,47
4,439;48,963;1,225;1963,495;0,467
11,697;977,48;1,225;1963,495;0,478
3,07;16,653;1,225;1963,495;0,482
1,66;2,579;1,225;1963,495;0,454
14,354;1499,812;1,225;1963,495;0,423
12,841;1116,007;1,225;1963,495;0,45
4,54;42,609;1,225;1963,495;0,369
5,188;78,092;1,225;1963,495;0,488
13,195;1254,177;1,225;1963,495;0,463
5,438;83,239;1,225;1963,495;0,428
7,186;219,352;1,225;1963,495;0,49
12,86;1255,474;1,225;1963,495;0,493
12,988;1343,26;1,225;1963,495;0,494
3,753;28,923;1,225;1963,495;0,453
11,234;781,444;1,225;1963,495;0,443
5,499;75,786;1,225;1963,495;0,406
12,22;906,52;1,225;1963,495;0,423
12,236;1093,785;1,225;1963,495;0,472
12,615;1061,918;1,225;1963,495;0,473
6,108;130,229;1,225;1963,495;0,448
12,881;1109,374;1,225;1963,495;0,444
13,59;1471,804;1,225;1963,495;0,5
7,832;246,574;1,225;1963,495;0,451
1,77;3,002;1,225;1963,495;0,453
12,016;886,51;1,225;1963,495;0,405
9,049;437,031;1,225;1963,495;0,465
4,855;58,952;1,225;1963,495;0,376
2,001;4,277;1,225;1963,495;0,443
2,029;4,927;1,225;1963,495;0,482
5,654;86,462;1,225;1963,495;0,428
1,032;0,665;1,225;1963,495;0,456
12,452;1025,949;1,225;1963,495;0,437
1,85;3,55;1,225;1963,495;0,483
7,513;212,841;1,225;1963,495;0,476
11,162;787,29;1,225;1963,495;0,454
12,501;1126,107;1,225;1963,495;0,483
13,983;1609,651;1,225;1963,495;0,468
8,763;406,59;1,225;1963,495;0,5
6,866;159,783;1,225;1963,495;0,415
3,106;15,033;1,225;1963,495;0,471
7,296;226,227;1,225;1963,495;0,47
6,902;184,282;1,225;1963,495;0,483
1,279;1,106;1,225;1963,495;0,438
2,051;4,266;1,225;1963,495;0,427
8,139;297,281;1,225;1963,495;0,464
11,042;802,565;1,225;1963,495;0,45
1,134;0,811;1,225;1963,495;0,442
9,561;507,939;1,225;1963,495;0,479
2,915;11,842;1,225;1963,495;0,456
4,953;70,684;1,225;1963,495;0,488
10,837;740,546;1,225;1963,495;0,437
9,47;405,826;1,225;1963,495;0,479
6,385;144,461;1,225;1963,495;0,45
3,554;23,401;1,225;1963,495;0,428
1,443;1,782;1,225;1963,495;0,475
9,048;360,461;1,225;1963,495;0,416
6,203;139,522;1,225;1963,495;0,496
11,613;896,715;1,225;1963,495;0,473
6,6;162,806;1,225;1963,495;0,469
12,791;1086,148;1,225;1963,495;0,473
13,336;1204,413;1,225;1963,495;0,448
1,325;1,369;1,225;1963,495;0,48
4,828;62,167;1,225;1963,495;0,46
0,832;0,295;1,225;1963,495;0,444
3,226;16,836;1,225;1963,495;0,457
5,024;64,342;1,225;1963,495;0,416
0,615;0,14;1,225;1963,495;0,5
8,744;310,787;1,225;1963,495;0,404
6,737;153,353;1,225;1963,495;0,419
10,603;662,065;1,225;1963,495;0,479
4,66;51,528;1,225;1963,495;0,457
5,035;75,776;1,225;1963,495;0,472
1,138;0,898;1,225;1963,495;0,495
12,798;1265,466;1,225;1963,495;0,5
6,876;158,534;1,225;1963,495;0,403
2,631;9,848;1,225;1963,495;0,486
6,978;189,831;1,225;1963,495;0,461
13,738;1499,733;1,225;1963,495;0,477
3,092;14,384;1,225;1963,495;0,445
12,563;1071,49;1,225;1963,495;0,448
1,934;3,97;1,225;1963,495;0,426
11,86;843,989;1,225;1963,495;0,469
12,356;928,928;1,225;1963,495;0,441
4,393;46,54;1,225;1963,495;0,448
6,813;159,072;1,225;1963,495;0,435
11,546;861,21;1,225;1963,495;0,48
5,293;79,379;1,225;1963,495;0,442
12,52;928,755;1,225;1963,495;0,4
10,412;635,06;1,225;1963,495;0,45
2,039;4,989;1,225;1963,495;0,452
12,251;934,829;1,225;1963,495;0,417
0,668;0,179;1,225;1963,495;0,5
2,336;6,701;1,225;1963,495;0,447
7,871;214,735;1,225;1963,495;0,465
11,878;864,37;1,225;1963,495;0,458
7,657;226,203;1,225;1963,495;0,43
9,715;565,171;1,225;1963,495;0,496
11,216;780,954;1,225;1963,495;0,5
3,442;22,937;1,225;1963,495;0,457
4,015;36,938;1,225;1963,495;0,472
8,036;315,672;1,225;1963,495;0,441
3,853;35,1;1,225;1963,495;0,477
6,955;168,754;1,225;1963,495;0,428
8,88;430,49;1,225;1963,495;0,497
2,111;4,805;1,225;1963,495;0,422
7,851;268,762;1,225;1963,495;0,449
8,454;355,556;1,225;1963,495;0,477
12,33;1046,791;1,225;1963,495;0,473
11,938;917,977;1,225;1963,495;0,464
7,787;272,363;1,225;1963,495;0,5
9,353;400,004;1,225;1963,495;0,417
12,144;958,408;1,225;1963,495;0,411
13,24;1447,925;1,225;1963,495;0,478
1,19;0,845;1,225;1963,495;0,388
4,383;40,159;1,225;1963,495;0,444
12,052;1014,842;1,225;1963,495;0,45
1,133;0,86;1,225;1963,495;0,45
5,699;106,942;1,225;1963,495;0,5
13,813;1349,413;1,225;1963,495;0,436
3,313;23,476;1,225;1963,495;0,454
1,52;1,675;1,225;1963,495;0,435
9,685;478,421;1,225;1963,495;0,441
8,208;296,266;1,225;1963,495;0,447
3,781;28,573;1,225;1963,495;0,469
2,263;5,772;1,225;1963,495;0,443
12,448;1021,174;1,225;1963,495;0,437
0,498;0,074;1,225;1963,495;0,467
11,052;748,465;1,225;1963,495;0,437
3,158;17,512;1,225;1963,495;0,471
2,764;12,801;1,225;1963,495;0,483
7,286;221,078;1,225;1963,495;0,448
0,748;0,2;1,225;1963,495;0,439
10,958;721,382;1,225;1963,495;0,472
14,306;1622,116;1,225;1963,495;0,454
4,233;30,639;1,225;1963,495;0,386
10,85;713,524;1,225;1963,495;0,445
7,359;214,759;1,225;1963,495;0,492
8,513;318,674;1,225;1963,495;0,414
2,012;5,412;1,225;1963,495;0,5
7,262;212,359;1,225;1963,495;0,416
3,542;23,369;1,225;1963,495;0,425
10,833;708,245;1,225;1963,495;0,486
13,213;1175,733;1,225;1963,495;0,434
4,814;65,183;1,225;1963,495;0,494
7,593;220,847;1,225;1963,495;0,458
12,229;969,553;1,225;1963,495;0,431
13,959;1443,952;1,225;1963,495;0,424
8,179;289,258;1,225;1963,495;0,458
13,899;1525,844;1,225;1963,495;0,431
8,91;355,442;1,225;1963,495;0,486
2,902;13,883;1,225;1963,495;0,463
9,772;492,76;1,225;1963,495;0,425
6,938;171,577;1,225;1963,495;0,434
3,273;18,214;1,225;1963,495;0,455
2,391;6,358;1,225;1963,495;0,438
8,265;287,683;1,225;1963,495;0,462
2,812;12,282;1,225;1963,495;0,484
1,914;3,489;1,225;1963,495;0,47
6,839;147,578;1,225;1963,495;0,425
7,241;181,618;1,225;1963,495;0,431
4,856;67,099;1,225;1963,495;0,482
12,372;1122,943;1,225;1963,495;0,484
8,859;399,879;1,225;1963,495;0,454
4,981;72,464;1,225;1963,495;0,5
3,864;30,412;1,225;1963,495;0,426
6,071;117,834;1,225;1963,495;0,442
13,023;1247,029;1,225;1963,495;0,48
10,879;557,026;1,225;1963,495;0,43
11,936;896,715;1,225;1963,495;0,439
1,347;1,371;1,225;1963,495;0,485
2,241;5,828;1,225;1963,495;0,438
12,208;1030,192;1,225;1963,495;0,448
9,91;533;1,225;1963,495;0,464
2,332;6,582;1,225;1963,495;0,453
9,326;466,581;1,225;1963,495;0,467
2,287;6,585;1,225;1963,495;0,478
4,733;69,292;1,225;1963,495;0,5
11,458;756,324;1,225;1963,495;0,434
3,032;16,816;1,225;1963,495;0,5
12,064;896,074;1,225;1963,495;0,466
10,842;654,653;1,225;1963,495;0,437
5,846;98,64;1,225;1963,495;0,426
13,22;1412,029;1,225;1963,495;0,5
8,961;424,306;1,225;1963,495;0,44
4,491;56,219;1,225;1963,495;0,46
11,064;745,938;1,225;1963,495;0,44
3,016;14,256;1,225;1963,495;0,426
4,301;39,319;1,225;1963,495;0,431
14,335;1505,186;1,225;1963,495;0,435
13,797;1598,304;1,225;1963,495;0,486
5,473;93,057;1,225;1963,495;0,45
4,35;40,642;1,225;1963,495;0,434
8,317;251,563;1,225;1963,495;0,405
5,065;68,242;1,225;1963,495;0,463
3,07;17,176;1,225;1963,495;0,482
14,293;1529,352;1,225;1963,495;0,396
3,843;29,625;1,225;1963,495;0,428
11,32;844,688;1,225;1963,495;0,448
4,501;59,152;1,225;1963,495;0,5
13,093;1359,485;1,225;1963,495;0,5
9,035;374,804;1,225;1963,495;0,407
1,671;2,569;1,225;1963,495;0,475
8,158;316,782;1,225;1963,495;0,462
2,485;9,376;1,225;1963,495;0,46
6,145;117,057;1,225;1963,495;0,443
4,215;38,81;1,225;1963,495;0,44
11,261;739,455;1,225;1963,495;0,437
7,735;230,118;1,225;1963,495;0,435
7,272;222,627;1,225;1963,495;0,478
6,313;134,266;1,225;1963,495;0,465
6,018;117,387;1,225;1963,495;0,466
10,129;551,37;1,225;1963,495;0,447
5,949;112,287;1,225;1963,495;0,463
12,245;984,188;1,225;1963,495;0,455
14,317;1651,603;1,225;1963,495;0,492
8,326;281,604;1,225;1963,495;0,422
9,191;474,103;1,225;1963,495;0,475
6,236;118,442;1,225;1963,495;0,449
8,278;327,936;1,225;1963,495;0,456
10,285;619,294;1,225;1963,495;0,473
11,848;792,482;1,225;1963,495;0,405
0,633;0,142;1,225;1963,495;0,462
10,252;571,874;1,225;1963,495;0,427
2,925;13,784;1,225;1963,495;0,486
5,227;82,655;1,225;1963,495;0,455
7,172;200,01;1,225;1963,495;0,451
3,43;24,076;1,225;1963,495;0,467
7,955;286,266;1,225;1963,495;0,455
12,615;1047,404;1,225;1963,495;0,411
13,398;1090,337;1,225;1963,495;0,419
5,738;102,19;1,225;1963,495;0,421
10,757;647,081;1,225;1963,495;0,45
12,561;1074,916;1,225;1963,495;0,467
13,798;1274,84;1,225;1963,495;0,429
2,922;13,383;1,225;1963,495;0,432
12,742;1131,459;1,225;1963,495;0,491
2,395;6,519;1,225;1963,495;0,384
7,147;186,818;1,225;1963,495;0,425
7,538;239,938;1,225;1963,495;0,454
1,381;1,384;1,225;1963,495;0,484
3,792;27,588;1,225;1963,495;0,43
5,81;107,948;1,225;1963,495;0,436
3,444;19,878;1,225;1963,495;0,451
0,45;0,058;1,225;1963,495;0,47
10,252;534,936;1,225;1963,495;0,391
5,505;96,751;1,225;1963,495;0,481
5,747;98,089;1,225;1963,495;0,466
5,709;113,012;1,225;1963,495;0,486
9,523;506,662;1,225;1963,495;0,454
9,013;381,046;1,225;1963,495;0,455
11,51;872,044;1,225;1963,495;0,449
6,755;189,743;1,225;1963,495;0,487
6,898;172,46;1,225;1963,495;0,456
9,549;478,644;1,225;1963,495;0,471
10,167;514,151;1,225;1963,495;0,455
4,238;36,304;1,225;1963,495;0,427
10,987;650,608;1,225;1963,495;0,408
4,475;38,13;1,225;1963,495;0,403
10,216;600,708;1,225;1963,495;0,463
8,715;406,348;1,225;1963,495;0,453
11,552;938,578;1,225;1963,495;0,482
1,282;1,042;1,225;1963,495;0,43
6,817;176,56;1,225;1963,495;0,44
4,175;41,898;1,225;1963,495;0,448
4,975;61,702;1,225;1963,495;0,439
8,195;365,777;1,225;1963,495;0,481
7,508;212,01;1,225;1963,495;0,428
2,285;6,751;1,225;1963,495;0,463
8,399;276,64;1,225;1963,495;0,424
5,108;71,072;1,225;1963,495;0,455
11,815;911,418;1,225;1963,495;0,449
1,878;3,18;1,225;1963,495;0,42
3,639;28,204;1,225;1963,495;0,425
5,446;94,922;1,225;1963,495;0,474
6,451;158,879;1,225;1963,495;0,478
6,45;145,03;1,225;1963,495;0,468
7,201;207,847;1,225;1963,495;0,44
14,023;1494,691;1,225;1963,495;0,453
0,758;0,194;1,225;1963,495;0,457
14,267;1361,956;1,225;1963,495;0,432
6,058;111,156;1,225;1963,495;0,413
7,863;261,411;1,225;1963,495;0,452
9,643;571,473;1,225;1963,495;0,5
13,162;1118,324;1,225;1963,495;0,394
0,724;0,189;1,225;1963,495;0,412
3,221;16,176;1,225;1963,495;0,428
3,056;15,232;1,225;1963,495;0,46
11,557;927,471;1,225;1963,495;0,484
6,817;176,753;1,225;1963,495;0,499
4,834;65,84;1,225;1963,495;0,461
2,484;8,552;1,225;1963,495;0,434
6,625;173,961;1,225;1963,495;0,469
8,112;253,376;1,225;1963,495;0,436
4,392;44,788;1,225;1963,495;0,475
5,441;85,465;1,225;1963,495;0,413
14,388;1568,279;1,225;1963,495;0,471
9,037;453,83;1,225;1963,495;0,482
4,95;64,24;1,225;1963,495;0,441
4,785;56,85;1,225;1963,495;0,472
11,429;727,796;1,225;1963,495;0,415
4,422;48,819;1,225;1963,495;0,476
4,879;59,241;1,225;1963,495;0,42
10,842;663,47;1,225;1963,495;0,444
4,063;35,82;1,225;1963,495;0,443
7,717;234,303;1,225;1963,495;0,425
7,883;265,51;1,225;1963,495;0,423
2,442;8,925;1,225;1963,495;0,491
9,809;489,162;1,225;1963,495;0,446
14,108;1518,379;1,225;1963,495;0,449
11,664;780,846;1,225;1963,495;0,417
5,29;83,869;1,225;1963,495;0,455
1,965;4,044;1,225;1963,495;0,498
12,022;880,142;1,225;1963,495;0,452
4,007;33,765;1,225;1963,495;0,456
5,816;109,759;1,225;1963,495;0,478
1,108;0,795;1,225;1963,495;0,459
10,876;773,183;1,225;1963,495;0,497
8,344;268,555;1,225;1963,495;0,423
7,376;248,249;1,225;1963,495;0,497
6,495;151,846;1,225;1963,495;0,477
9,945;485,241;1,225;1963,495;0,431
2,113;5,787;1,225;1963,495;0,497
1,604;2,181;1,225;1963,495;0,452
2,349;6,731;1,225;1963,495;0,418
10,268;662,229;1,225;1963,495;0,5
0,989;0,452;1,225;1963,495;0,424
11,155;756,783;1,225;1963,495;0,474
10,864;597,437;1,225;1963,495;0,434
3,356;22,373;1,225;1963,495;0,477
7,132;184,709;1,225;1963,495;0,424
10,866;624,837;1,225;1963,495;0,446
8,158;256,306;1,225;1963,495;0,399
3,023;15,316;1,225;1963,495;0,472
5,668;93,881;1,225;1963,495;0,417
11,946;955,944;1,225;1963,495;0,481
6,407;156,616;1,225;1963,495;0,471
11,702;864,856;1,225;1963,495;0,447
6,272;114,106;1,225;1963,495;0,392
5,538;109,168;1,225;1963,495;0,48
9,859;464,509;1,225;1963,495;0,444
6,912;162,96;1,225;1963,495;0,418
12,529;1004,815;1,225;1963,495;0,43
1,028;0,567;1,225;1963,495;0,437
13,675;1130,337;1,225;1963,495;0,401
2,256;7,026;1,225;1963,495;0,485
13,131;1265,019;1,225;1963,495;0,44
5,591;87,889;1,225;1963,495;0,414
5,188;69,863;1,225;1963,495;0,452
3,443;20,44;1,225;1963,495;0,439
11,795;792,001;1,225;1963,495;0,406
11,803;945,453;1,225;1963,495;0,485
7,912;271,692;1,225;1963,495;0,469
9,593;479,704;1,225;1963,495;0,485
1,452;1,471;1,225;1963,495;0,426
9,406;494,859;1,225;1963,495;0,486
11,71;764,405;1,225;1963,495;0,404
14,004;1669,701;1,225;1963,495;0,458
8,906;376,375;1,225;1963,495;0,486
12,729;1145,108;1,225;1963,495;0,465
6,086;126,515;1,225;1963,495;0,458
0,534;0,078;1,225;1963,495;0,426
6,447;135,174;1,225;1963,495;0,448
10,251;533,218;1,225;1963,495;0,455
7,648;251,817;1,225;1963,495;0,485
8,032;324,529;1,225;1963,495;0,464
1,793;3,8;1,225;1963,495;0,5
2,251;5,843;1,225;1963,495;0,425
9,62;432,397;1,225;1963,495;0,379
9,095;419,511;1,225;1963,495;0,477
13,749;1461,568;1,225;1963,495;0,467
14,138;1560,397;1,225;1963,495;0,454
9,02;380,533;1,225;1963,495;0,391
7,258;196,822;1,225;1963,495;0,435
11,592;843,092;1,225;1963,495;0,424
12,192;1157,641;1,225;1963,495;0,5
1,852;4,091;1,225;1963,495;0,487
0,403;0,032;1,225;1963,495;0,455
7,558;225,127;1,225;1963,495;0,406
4,115;36,134;1,225;1963,495;0,46
4,895;68,784;1,225;1963,495;0,471
3,62;26,607;1,225;1963,495;0,469
10,308;638,538;1,225;1963,495;0,472
7,39;213,21;1,225;1963,495;0,434
4,058;37,42;1,225;1963,495;0,448
10,311;638,296;1,225;1963,495;0,466
10,554;749,404;1,225;1963,495;0,484
1,306;1,282;1,225;1963,495;0,476
10,932;772,858;1,225;1963,495;0,479
11,872;1051,865;1,225;1963,495;0,471
6,795;194,869;1,225;1963,495;0,488
4,5;50,758;1,225;1963,495;0,46
11,753;822,605;1,225;1963,495;0,476
9,764;524,934;1,225;1963,495;0,433
1,41;1,689;1,225;1963,495;0,442
4,237;34,726;1,225;1963,495;0,402
13,056;1080,889;1,225;1963,495;0,399
7,166;212,026;1,225;1963,495;0,46
8,584;364,966;1,225;1963,495;0,495
10,925;586,049;1,225;1963,495;0,408
10,571;625,714;1,225;1963,495;0,442
7,541;252,605;1,225;1963,495;0,5
13,305;1286,073;1,225;1963,495;0,444
4,722;48,36;1,225;1963,495;0,422
1,791;3,219;1,225;1963,495;0,437
2,406;6,623;1,225;1963,495;0,364
3,915;31,714;1,225;1963,495;0,473
1,468;1,7;1,225;1963,495;0,416
9,941;508,823;1,225;1963,495;0,447
8,903;421,211;1,225;1963,495;0,473
3,987;36,764;1,225;1963,495;0,442
13,135;1244,713;1,225;1963,495;0,454
10,758;579,342;1,225;1963,495;0,427
1,08;0,588;1,225;1963,495;0,45
4,343;43,89;1,225;1963,495;0,464
3,711;25,199;1,225;1963,495;0,409
6,178;131,592;1,225;1963,495;0,465
10,609;692,248;1,225;1963,495;0,456
4,728;63,115;1,225;1963,495;0,475
13,003;1220,827;1,225;1963,495;0,444
0,665;0,148;1,225;1963,495;0,475
12,932;1044,146;1,225;1963,495;0,406
10,451;610,32;1,225;1963,495;0,442
12,739;1141,763;1,225;1963,495;0,465
11,152;607,402;1,225;1963,495;0,413
14,289;1522,505;1,225;1963,495;0,395
4,682;47,917;1,225;1963,495;0,414
4,756;57,06;1,225;1963,495;0,427
13,008;1102,23;1,225;1963,495;0,45
5,52;81,078;1,225;1963,495;0,424
1,152;0,885;1,225;1963,495;0,439
11,187;702,08;1,225;1963,495;0,455
10,272;536,465;1,225;1963,495;0,443
3,34;18,852;1,225;1963,495;0,428
13,646;1478,099;1,225;1963,495;0,474
3,563;24,616;1,225;1963,495;0,461
3,163;15,842;1,225;1963,495;0,42
6,896;180,079;1,225;1963,495;0,454
12,273;1025,993;1,225;1963,495;0,466
8,709;375,883;1,225;1963,495;0,437
8,343;303,238;1,225;1963,495;0,45
6,24;130,879;1,225;1963,495;0,447
7,096;211,944;1,225;1963,495;0,446
6,795;184,424;1,225;1963,495;0,481
12,021;771,894;1,225;1963,495;0,422
7,683;250,658;1,225;1963,495;0,469
6,887;170,091;1,225;1963,495;0,462
1,742;2,841;1,225;1963,495;0,471
6,245;126,683;1,225;1963,495;0,424
1,606;2,627;1,225;1963,495;0,495
12,574;1043,595;1,225;1963,495;0,447
5,961;125,173;1,225;1963,495;0,5
12,871;1015,432;1,225;1963,495;0,408
11,502;893,867;1,225;1963,495;0,444
1,872;3,666;1,225;1963,495;0,446
8,432;348,524;1,225;1963,495;0,451
5,542;99,587;1,225;1963,495;0,476
4,815;55,278;1,225;1963,495;0,437
13,667;1606,759;1,225;1963,495;0,499
8,611;310,164;1,225;1963,495;0,433
8,585;312,42;1,225;1963,495;0,421
7,13;177,066;1,225;1963,495;0,4
10,565;583,82;1,225;1963,495;0,43
7,777;236,41;1,225;1963,495;0,411
7,196;203,19;1,225;1963,495;0,449
9,614;490,243;1,225;1963,495;0,433
9,826;538,314;1,225;1963,495;0,487
4,838;60,497;1,225;1963,495;0,437
2,757;10,711;1,225;1963,495;0,426
5,296;84,954;1,225;1963,495;0,476
11,749;1006,34;1,225;1963,495;0,5
4,103;38,357;1,225;1963,495;0,466
8,117;260,313;1,225;1963,495;0,424
1,023;0,617;1,225;1963,495;0,452
7,517;222,077;1,225;1963,495;0,459
2,451;8,27;1,225;1963,495;0,483
11,233;865,051;1,225;1963,495;0,494
8,643;293,303;1,225;1963,495;0,429
9,968;437,295;1,225;1963,495;0,385
3,283;20,967;1,225;1963,495;0,5
4,235;40,378;1,225;1963,495;0,438
11,715;871,363;1,225;1963,495;0,443
6,162;124,404;1,225;1963,495;0,473
5,787;116,847;1,225;1963,495;0,471
1,457;1,77;1,225;1963,495;0,466
5,508;94,603;1,225;1963,495;0,448
6,931;156,915;1,225;1963,495;0,43
10,794;621,843;1,225;1963,495;0,439
3,349;19,931;1,225;1963,495;0,427
8,947;356,459;1,225;1963,495;0,4
10,28;687,272;1,225;1963,495;0,465
4,779;65,842;1,225;1963,495;0,458
12,433;1094,191;1,225;1963,495;0,478
2,184;5,483;1,225;1963,495;0,425
9,254;454,924;1,225;1963,495;0,46
11,891;1066,05;1,225;1963,495;0,5
5,148;77,874;1,225;1963,495;0,475
5,951;146,095;1,225;1963,495;0,5
13,091;1228,659;1,225;1963,495;0,44
4,861;64,191;1,225;1963,495;0,496
11,672;878,327;1,225;1963,495;0,457
5,551;88,328;1,225;1963,495;0,458
9,544;460,71;1,225;1963,495;0,438
10,242;587,621;1,225;1963,495;0,462
6,221;127,999;1,225;1963,495;0,44
11,535;828,387;1,225;1963,495;0,414
13,689;1338,301;1,225;1963,495;0,439
8,493;312,471;1,225;1963,495;0,445
7,289;209,347;1,225;1963,495;0,457
11,753;901,906;1,225;1963,495;0,426
12,987;956,445;1,225;1963,495;0,362
12,01;802,727;1,225;1963,495;0,415
1,693;2,442;1,225;1963,495;0,452
12,525;992,723;1,225;1963,495;0,435
0,778;0,268;1,225;1963,495;0,476
7,196;211,178;1,225;1963,495;0,495
2,411;6,534;1,225;1963,495;0,417
2,244;5,879;1,225;1963,495;0,398
4,333;44,467;1,225;1963,495;0,463
12,879;1197,6;1,225;1963,495;0,451
1,044;0,636;1,225;1963,495;0,446
6,885;158,645;1,225;1963,495;0,416
1,036;0,598;1,225;1963,495;0,463
3,579;26,282;1,225;1963,495;0,434
1,068;0,639;1,225;1963,495;0,438
6,877;163,068;1,225;1963,495;0,438
5,867;109,282;1,225;1963,495;0,487
10,873;676,535;1,225;1963,495;0,417
10,526;607,697;1,225;1963,495;0,467
9,775;505,119;1,225;1963,495;0,455
12,602;901,176;1,225;1963,495;0,425
5,577;89,607;1,225;1963,495;0,456
4,999;65,017;1,225;1963,495;0,408
6,445;149,649;1,225;1963,495;0,429
4,575;44,849;1,225;1963,495;0,425
2,454;7,856;1,225;1963,495;0,487
13,109;1157,563;1,225;1963,495;0,5
8,079;243,903;1,225;1963,495;0,418
6,615;155,76;1,225;1963,495;0,445
2,508;6,97;1,225;1963,495;0,38
11,406;952,322;1,225;1963,495;0,487
3,222;20,14;1,225;1963,495;0,472
10,644;696,473;1,225;1963,495;0,5
13,623;1338,118;1,225;1963,495;0,414
13,921;1418,542;1,225;1963,495;0,458
9,644;544,552;1,225;1963,495;0,492
8,569;387,362;1,225;1963,495;0,466
6,133;109,321;1,225;1963,495;0,429
12,347;986,525;1,225;1963,495;0,433
11,883;973,716;1,225;1963,495;0,474
4,258;41,903;1,225;1963,495;0,444
4,098;35,057;1,225;1963,495;0,443
13,983;1298,516;1,225;1963,495;0,402
1,22;1,102;1,225;1963,495;0,469
11,416;892,379;1,225;1963,495;0,445
7,549;244,861;1,225;1963,495;0,456
11,975;930,59;1,225;1963,495;0,467
13,616;1415,1;1,225;1963,495;0,431
1,906;3,519;1,225;1963,495;0,429
4,324;49,562;1,225;1963,495;0,447
13,39;1318,561;1,225;1963,495;0,433
0,911;0,342;1,225;1963,495;0,407
14,112;1265,385;1,225;1963,495;0,428
13,925;1316,994;1,225;1963,495;0,406
12,389;1018,173;1,225;1963,495;0,451
12,101;999,161;1,225;1963,495;0,477
5,139;67,422;1,225;1963,495;0,465
10,614;749,343;1,225;1963,495;0,489
11,586;789,495;1,225;1963,495;0,433
5,266;77,618;1,225;1963,495;0,468
2,33;5,549;1,225;1963,495;0,39
14,387;1531,424;1,225;1963,495;0,394
10,073;579,794;1,225;1963,495;0,47
2,884;14,524;1,225;1963,495;0,5
7,746;282,282;1,225;1963,495;0,497
2,445;9,411;1,225;1963,495;0,456
3,716;27,127;1,225;1963,495;0,46
6,332;114,456;1,225;1963,495;0,405
13,106;1256,389;1,225;1963,495;0,457
12,566;1141,291;1,225;1963,495;0,445
3,664;22,586;1,225;1963,495;0,416
13,194;1357,465;1,225;1963,495;0,5
1,412;1,442;1,225;1963,495;0,461
11,389;728,451;1,225;1963,495;0,443
6,544;152,498;1,225;1963,495;0,468
2,764;12,782;1,225;1963,495;0,435
11,981;1054,594;1,225;1963,495;0,497
7,481;230,267;1,225;1963,495;0,471
1,264;1,192;1,225;1963,495;0,47
7,435;233,739;1,225;1963,495;0,469
3,681;25,301;1,225;1963,495;0,439
10,792;730,636;1,225;1963,495;0,434
12,916;1175,014;1,225;1963,495;0,465
9,035;391,779;1,225;1963,495;0,461
11,962;921,045;1,225;1963,495;0,45
14,055;1436,329;1,225;1963,495;0,428
5,52;87,843;1,225;1963,495;0,458
5,603;92,981;1,225;1963,495;0,428
4,582;57,34;1,225;1963,495;0,453
13,864;1379,302;1,225;1963,495;0,447
6,688;157,208;1,225;1963,495;0,428
6,582;168,562;1,225;1963,495;0,469
1,375;1,372;1,225;1963,495;0,429
4,806;66,492;1,225;1963,495;0,468
3,918;35,221;1,225;1963,495;0,488
1,736;2,715;1,225;1963,495;0,425
8,89;358,966;1,225;1963,495;0,428
3,77;31,318;1,225;1963,495;0,444
13,337;1492,799;1,225;1963,495;0,476
11,715;948,554;1,225;1963,495;0,47
6,508;146,556;1,225;1963,495;0,438
1,315;1,257;1,225;1963,495;0,441
7,103;206,629;1,225;1963,495;0,474
7,46;246,476;1,225;1963,495;0,485
5,319;84,95;1,225;1963,495;0,454
8,641;381,657;1,225;1963,495;0,475
1,686;2,481;1,225;1963,495;0,399
12,406;1144,442;1,225;1963,495;0,471
14,06;1512,33;1,225;1963,495;0,446
8,396;340,162;1,225;1963,495;0,5
11,151;654,035;1,225;1963,495;0,443
1,046;0,575;1,225;1963,495;0,428
10,418;585,291;1,225;1963,495;0,42
3,735;28,025;1,225;1963,495;0,47
1,873;3,829;1,225;1963,495;0,439
8,868;359,579;1,225;1963,495;0,45
11,253;727,364;1,225;1963,495;0,427
13,879;1417,645;1,225;1963,495;0,42
3,527;24,248;1,225;1963,495;0,419
2,507;7,721;1,225;1963,495;0,471
6,939;176,511;1,225;1963,495;0,428
7,628;263,817;1,225;1963,495;0,5
13,866;1368,183;1,225;1963,495;0,473
12,895;1009,169;1,225;1963,495;0,412
6,556;165,016;1,225;1963,495;0,5
11,393;824,74;1,225;1963,495;0,475
6,856;179,058;1,225;1963,495;0,467
11,36;843,142;1,225;1963,495;0,473
6,411;156,57;1,225;1963,495;0,444
10,881;614,017;1,225;1963,495;0,429
13,318;1203,58;1,225;1963,495;0,414
6,924;167,034;1,225;1963,495;0,431
14,473;1666,036;1,225;1963,495;0,449
6,157;128,515;1,225;1963,495;0,45
6,202;125,257;1,225;1963,495;0,443
14,356;1627,766;1,225;1963,495;0,445
13,187;1395,221;1,225;1963,495;0,459
9,321;493,112;1,225;1963,495;0,482
9,147;465,766;1,225;1963,495;0,467
10,777;599,638;1,225;1963,495;0,415
5,011;63,235;1,225;1963,495;0,398
6,887;180,105;1,225;1963,495;0,416
10,634;623,57;1,225;1963,495;0,437
13,031;1059,821;1,225;1963,495;0,398
11,084;649,373;1,225;1963,495;0,458
6,749;163,885;1,225;1963,495;0,436
8,718;342,001;1,225;1963,495;0,447
5,032;62,395;1,225;1963,495;0,414
7,54;194,289;1,225;1963,495;0,384
2,49;9,945;1,225;1963,495;0,491
2,06;4,127;1,225;1963,495;0,4
6,776;148,355;1,225;1963,495;0,406
12,055;1044,348;1,225;1963,495;0,481
2,579;7,611;1,225;1963,495;0,378
14,051;1502,194;1,225;1963,495;0,439
5,676;101,001;1,225;1963,495;0,5
7,952;239,033;1,225;1963,495;0,425
2,347;6,013;1,225;1963,495;0,412
2,434;7,646;1,225;1963,495;0,45
4,679;54,189;1,225;1963,495;0,443
3,658;24,725;1,225;1963,495;0,421
13,425;1229,476;1,225;1963,495;0,44
7,519;260,19;1,225;1963,495;0,5
10,068;563,923;1,225;1963,495;0,451
8,408;297,995;1,225;1963,495;0,441
1,99;4,305;1,225;1963,495;0,417
3,876;27,531;1,225;1963,495;0,429
9,809;552,509;1,225;1963,495;0,485
10,765;641,463;1,225;1963,495;0,444
5,86;107,239;1,225;1963,495;0,418
8,085;239,326;1,225;1963,495;0,392
4,261;42,701;1,225;1963,495;0,432
6,517;154,912;1,225;1963,495;0,445
10,299;546,915;1,225;1963,495;0,445
8,035;262,162;1,225;1963,495;0,478
3,288;22,425;1,225;1963,495;0,5
2,088;4,661;1,225;1963,495;0,441
10,022;559,11;1,225;1963,495;0,442
10,948;572,156;1,225;1963,495;0,393
2,942;12,306;1,225;1963,495;0,394
11,793;825,595;1,225;1963,495;0,417
5,357;78,324;1,225;1963,495;0,44
12,926;1259,873;1,225;1963,495;0,498
3,189;17,991;1,225;1963,495;0,5
13,934;1308,815;1,225;1963,495;0,446
12,979;1175,131;1,225;1963,495;0,476
3,829;30,556;1,225;1963,495;0,454
8,288;331,879;1,225;1963,495;0,459
14,452;1717,227;1,225;1963,495;0,467
10,263;516,283;1,225;1963,495;0,439
3,31;22,109;1,225;1963,495;0,475
11,849;944,378;1,225;1963,495;0,469
1,941;4,052;1,225;1963,495;0,44
6,516;146,799;1,225;1963,495;0,458
14,15;1648,615;1,225;1963,495;0,473
10,144;580,006;1,225;1963,495;0,47
6,83;172,75;1,225;1963,495;0,479
12,181;1002,033;1,225;1963,495;0,451
13,352;1230,596;1,225;1963,495;0,439
10,988;742,832;1,225;1963,495;0,461
5,352;83,802;1,225;1963,495;0,451
8,954;440,239;1,225;1963,495;0,458
3,519;24,557;1,225;1963,495;0,479
11,862;968,535;1,225;1963,495;0,5
1,299;1,189;1,225;1963,495;0,477
8,765;349,432;1,225;1963,495;0,497
10,078;616,568;1,225;1963,495;0,451
10,245;584,544;1,225;1963,495;0,448
7,125;210,862;1,225;1963,495;0,483
8,317;341,906;1,225;1963,495;0,453
3,887;27,855;1,225;1963,495;0,423
11,297;654,743;1,225;1963,495;0,381
8,902;421,653;1,225;1963,495;0,469
3,107;16,83;1,225;1963,495;0,429
0,999;0,56;1,225;1963,495;0,484
1,535;1,774;1,225;1963,495;0,399
9,131;411,187;1,225;1963,495;0,422
7,736;268,542;1,225;1963,495;0,48
12,268;1039,648;1,225;1963,495;0,469
11,477;855,638;1,225;1963,495;0,455
10,568;600,818;1,225;1963,495;0,44
4,242;43,241;1,225;1963,495;0,432
5,92;120,977;1,225;1963,495;0,5
5,072;71,754;1,225;1963,495;0,456
6,611;160,161;1,225;1963,495;0,456
13,946;1497,04;1,225;1963,495;0,45
8,547;355,664;1,225;1963,495;0,458
6,075;101,412;1,225;1963,495;0,433
2,55;10,222;1,225;1963,495;0,478
2,067;4,863;1,225;1963,495;0,419
9,115;359,889;1,225;1963,495;0,448
4,958;67,46;1,225;1963,495;0,482
7,528;220,975;1,225;1963,495;0,417
9,383;413,977;1,225;1963,495;0,435
3,787;35,076;1,225;1963,495;0,471
13,996;1646,625;1,225;1963,495;0,5
3,618;28,697;1,225;1963,495;0,439
1,405;1,706;1,225;1963,495;0,451
13,771;1317,419;1,225;1963,495;0,43
3,374;23,4;1,225;1963,495;0,483
1,58;2,088;1,225;1963,495;0,408
1,595;2,484;1,225;1963,495;0,471
13,066;1100,384;1,225;1963,495;0,433
0,596;0,099;1,225;1963,495;0,398
7,373;243,484;1,225;1963,495;0,465
2,351;5,809;1,225;1963,495;0,374
6,664;163,853;1,225;1963,495;0,457
11,518;840,325;1,225;1963,495;0,447
5,276;78,678;1,225;1963,495;0,472
10,989;637,175;1,225;1963,495;0,412
6,246;149,319;1,225;1963,495;0,453
8,25;320,143;1,225;1963,495;0,462
3,724;26,708;1,225;1963,495;0,479
9,108;413,193;1,225;1963,495;0,456
11,132;625,718;1,225;1963,495;0,388
6,692;163,573;1,225;1963,495;0,451
3,187;18,216;1,225;1963,495;0,5
13,171;1038,223;1,225;1963,495;0,419
2,425;6,835;1,225;1963,495;0,395
2,814;11,308;1,225;1963,495;0,417
4,937;52,334;1,225;1963,495;0,393
2,134;4,917;1,225;1963,495;0,436
8,293;344,102;1,225;1963,495;0,477
10,669;561,667;1,225;1963,495;0,418
6,005;107,337;1,225;1963,495;0,41
1,508;1,817;1,225;1963,495;0,414
5,674;105,037;1,225;1963,495;0,442
6,696;170,348;1,225;1963,495;0,469
5,92;95,155;1,225;1963,495;0,471
10,398;631,2;1,225;1963,495;0,449
2,283;5,49;1,225;1963,495;0,413
9,319;419,319;1,225;1963,495;0,445
4,83;60,357;1,225;1963,495;0,424
12,569;1036,047;1,225;1963,495;0,461
9,495;461,365;1,225;1963,495;0,473
7,485;200,721;1,225;1963,495;0,434
9,136;388,351;1,225;1963,495;0,398
2,599;9,463;1,225;1963,495;0,467
6,308;137,489;1,225;1963,495;0,441
10,094;539,022;1,225;1963,495;0,418
13,979;1549,158;1,225;1963,495;0,443
8,382;307,99;1,225;1963,495;0,455
7,469;201,222;1,225;1963,495;0,437
2,084;5,617;1,225;1963,495;0,5
7,552;261,155;1,225;1963,495;0,479
7,502;230,889;1,225;1963,495;0,436
11,628;888,362;1,225;1963,495;0,464
8,028;344,709;1,225;1963,495;0,469
0,667;0,14;1,225;1963,495;0,448
14,396;1451,685;1,225;1963,495;0,402
9,445;427,826;1,225;1963,495;0,422
11,402;876,82;1,225;1963,495;0,464
11,229;826,869;1,225;1963,495;0,476
10,141;619,761;1,225;1963,495;0,479
7,856;264,061;1,225;1963,495;0,451
6,361;142,675;1,225;1963,495;0,444
10,06;650,002;1,225;1963,495;0,5
9,088;341,834;1,225;1963,495;0,433
11,514;771,073;1,225;1963,495;0,405
10,851;611,731;1,225;1963,495;0,446
3,561;28,579;1,225;1963,495;0,453
13,6;1380,638;1,225;1963,495;0,443
2,439;7,369;1,225;1963,495;0,423
4,392;46,181;1,225;1963,495;0,449
7,911;240,654;1,225;1963,495;0,434
7,382;245,681;1,225;1963,495;0,5
13,595;1180,84;1,225;1963,495;0,438
8,663;339,718;1,225;1963,495;0,452
3,196;13,48;1,225;1963,495;0,398
9,892;526,413;1,225;1963,495;0,449
7,513;210,595;1,225;1963,495;0,432
10,83;685,648;1,225;1963,495;0,426
9,561;464,302;1,225;1963,495;0,477
3,084;16,11;1,225;1963,495;0,471
10,583;549,391;1,225;1963,495;0,434
4,38;52,709;1,225;1963,495;0,497
4,914;70,033;1,225;1963,495;0,489
11,385;919,464;1,225;1963,495;0,5
10,125;564,949;1,225;1963,495;0,427
7,006;168,093;1,225;1963,495;0,409
12,016;908,837;1,225;1963,495;0,45
6,519;146,365;1,225;1963,495;0,446
11,39;812,79;1,225;1963,495;0,457
9;397,646;1,225;1963,495;0,428
2,632;8,746;1,225;1963,495;0,422
9,428;499,657;1,225;1963,495;0,478
6,105;119,548;1,225;1963,495;0,486
3,929;35,177;1,225;1963,495;0,466
8,599;339,598;1,225;1963,495;0,432
3,915;29,722;1,225;1963,495;0,412
8,943;435,345;1,225;1963,495;0,475
13,141;1372,196;1,225;1963,495;0,483
2,403;6,211;1,225;1963,495;0,397
8,916;406,343;1,225;1963,495;0,463
7,159;161,411;1,225;1963,495;0,393
12,562;1104,003;1,225;1963,495;0,5
12,761;1042,202;1,225;1963,495;0,451
4,523;51,507;1,225;1963,495;0,47
12,984;1186,158;1,225;1963,495;0,454
2,346;6,928;1,225;1963,495;0,442
6,605;162,694;1,225;1963,495;0,427
2,832;11,755;1,225;1963,495;0,461
6,768;178,04;1,225;1963,495;0,46
1,726;2,378;1,225;1963,495;0,406
3,312;20,295;1,225;1963,495;0,465
8,456;353,444;1,225;1963,495;0,464
12,114;882,258;1,225;1963,495;0,392
0,884;0,419;1,225;1963,495;0,5
11,917;793,501;1,225;1963,495;0,44
3,61;23,027;1,225;1963,495;0,43
11,121;801,232;1,225;1963,495;0,433
5,242;78,018;1,225;1963,495;0,433
11,916;915,367;1,225;1963,495;0,456
2,623;10,719;1,225;1963,495;0,495
1,737;2,965;1,225;1963,495;0,463
11,494;760,472;1,225;1963,495;0,404
6,162;117,192;1,225;1963,495;0,423
2,359;8,785;1,225;1963,495;0,484
1,693;2,724;1,225;1963,495;0,491
14,299;1504,064;1,225;1963,495;0,441
2,758;11,118;1,225;1963,495;0,428
0,724;0,202;1,225;1963,495;0,438
8,73;299,854;1,225;1963,495;0,386
4,37;49,42;1,225;1963,495;0,491
6,478;161,409;1,225;1963,495;0,482
14,425;1598,1;1,225;1963,495;0,422
10,137;581,205;1,225;1963,495;0,498
4,354;45,886;1,225;1963,495;0,461
9,051;400,747;1,225;1963,495;0,436
7,594;232,068;1,225;1963,495;0,437
9,175;416,287;1,225;1963,495;0,436
14,136;1435,398;1,225;1963,495;0,418
0,705;0,2;1,225;1963,495;0,463
9,799;482,059;1,225;1963,495;0,442
9,572;461,621;1,225;1963,495;0,406
7,993;262,564;1,225;1963,495;0,386
3,054;13,983;1,225;1963,495;0,43
13,416;1358,419;1,225;1963,495;0,468
6,029;110,449;1,225;1963,495;0,408
14,341;1818,005;1,225;1963,495;0,456
13,053;1266,054;1,225;1963,495;0,458
4,879;61,348;1,225;1963,495;0,444
9,944;531,138;1,225;1963,495;0,5
13,579;1321,069;1,225;1963,495;0,443
0,887;0,352;1,225;1963,495;0,433
8,117;282,142;1,225;1963,495;0,451
12,343;1207,954;1,225;1963,495;0,49
10,906;651,271;1,225;1963,495;0,419
13,025;1323,75;1,225;1963,495;0,492
10,78;769,435;1,225;1963,495;0,488
12,412;1110,042;1,225;1963,495;0,447
8,618;335,709;1,225;1963,495;0,431
11,179;787,912;1,225;1963,495;0,452
0,772;0,268;1,225;1963,495;0,465
9,852;514,703;1,225;1963,495;0,458
1,49;2,01;1,225;1963,495;0,474
9,757;571,448;1,225;1963,495;0,5
14,306;1554,842;1,225;1963,495;0,438
6,551;148,431;1,225;1963,495;0,453
7,265;174,828;1,225;1963,495;0,433
13,277;1176,232;1,225;1963,495;0,418
1,528;1,971;1,225;1963,495;0,458
4,741;56,046;1,225;1963,495;0,441
3,741;28,915;1,225;1963,495;0,464
12,131;741,792;1,225;1963,495;0,398
13,52;1546,136;1,225;1963,495;0,465
12,633;1124,013;1,225;1963,495;0,469
13,494;1211,026;1,225;1963,495;0,418
8,547;354,136;1,225;1963,495;0,47
9,048;400,5;1,225;1963,495;0,441
5,939;114,47;1,225;1963,495;0,429
1,754;2,467;1,225;1963,495;0,377
8,564;350,665;1,225;1963,495;0,445
5,889;114,881;1,225;1963,495;0,447
10,145;622,27;1,225;1963,495;0,458
7,576;226,456;1,225;1963,495;0,433
2,466;7,173;1,225;1963,495;0,395
13,717;1387,353;1,225;1963,495;0,43
12,89;1256,179;1,225;1963,495;0,5
8,814;457,11;1,225;1963,495;0,5
6,435;142,147;1,225;1963,495;0,487
1,974;4,706;1,225;1963,495;0,46
12,689;951,444;1,225;1963,495;0,447
9,799;478,786;1,225;1963,495;0,459
13,583;1206,736;1,225;1963,495;0,421
1,976;4,122;1,225;1963,495;0,436
14,177;1681,369;1,225;1963,495;0,469
2,285;5,925;1,225;1963,495;0,416
8,383;335,385;1,225;1963,495;0,472
12,917;1232,219;1,225;1963,495;0,491
1,59;2,475;1,225;1963,495;0,5
10,709;588,439;1,225;1963,495;0,386
7,166;195,533;1,225;1963,495;0,449
1,631;2,347;1,225;1963,495;0,461
9,993;518,584;1,225;1963,495;0,444
6,127;125,306;1,225;1963,495;0,483
2,642;9,271;1,225;1963,495;0,436
8,867;355,872;1,225;1963,495;0,422
14,262;1310,564;1,225;1963,495;0,37
10,88;797,349;1,225;1963,495;0,482
8,989;384,812;1,225;1963,495;0,455
11,975;933,58;1,225;1963,495;0,43
8,486;415,027;1,225;1963,495;0,5
13,466;1365,142;1,225;1963,495;0,462
5,821;117,165;1,225;1963,495;0,477
10,657;678,227;1,225;1963,495;0,45
5,347;82,211;1,225;1963,495;0,412
2,161;5,509;1,225;1963,495;0,454
2,28;6,002;1,225;1963,495;0,439
1,214;1,08;1,225;1963,495;0,454
8,28;321,251;1,225;1963,495;0,451
9,544;426,527;1,225;1963,495;0,4
1,865;3,962;1,225;1963,495;0,484
8,541;282,63;1,225;1963,495;0,445
14,4;1361,963;1,225;1963,495;0,388
8,234;260,107;1,225;1963,495;0,412
11,444;900,386;1,225;1963,495;0,458
6,864;162,499;1,225;1963,495;0,463
11,605;831,993;1,225;1963,495;0,439
9,937;554,419;1,225;1963,495;0,451
2,216;4,865;1,225;1963,495;0,408
13,753;1472,697;1,225;1963,495;0,446
2,023;4,76;1,225;1963,495;0,46
12,863;1098,091;1,225;1963,495;0,421
5,335;68,617;1,225;1963,495;0,392
3,652;26,086;1,225;1963,495;0,459
14,323;1755,455;1,225;1963,495;0,479
13,538;1182,298;1,225;1963,495;0,451
2,003;4,119;1,225;1963,495;0,466
10,754;714,889;1,225;1963,495;0,434
2,977;14,212;1,225;1963,495;0,461
2,557;8,559;1,225;1963,495;0,418
13,257;1073,879;1,225;1963,495;0,389
8,25;306,008;1,225;1963,495;0,43
2,684;10,949;1,225;1963,495;0,464
6,798;194,742;1,225;1963,495;0,456
7,608;255,444;1,225;1963,495;0,482
10,136;561,19;1,225;1963,495;0,493
10,707;642,748;1,225;1963,495;0,43
10,874;725,286;1,225;1963,495;0,439
12,287;1210,901;1,225;1963,495;0,5
6,17;133,549;1,225;1963,495;0,464
7,028;178,963;1,225;1963,495;0,418
11,536;901,475;1,225;1963,495;0,439
12,022;947,221;1,225;1963,495;0,453
13,535;1258,2;1,225;1963,495;0,41
9,46;515,063;1,225;1963,495;0,469
2,882;12,984;1,225;1963,495;0,458
6,706;174,246;1,225;1963,495;0,421
11,77;877,567;1,225;1963,495;0,44
5,328;95,79;1,225;1963,495;0,492
5,578;87,753;1,225;1963,495;0,478
9,519;486,262;1,225;1963,495;0,42
2,953;17,162;1,225;1963,495;0,486
8,784;358,725;1,225;1963,495;0,433
1,44;1,458;1,225;1963,495;0,406
3,9;30,494;1,225;1963,495;0,473
6,434;160,024;1,225;1963,495;0,435
11,599;892,748;1,225;1963,495;0,493
3,298;17,521;1,225;1963,495;0,428
2,66;8,762;1,225;1963,495;0,433
12,691;1053,627;1,225;1963,495;0,451
1,315;1,246;1,225;1963,495;0,456
4,588;47,178;1,225;1963,495;0,445
11,816;912,131;1,225;1963,495;0,439
1,067;0,635;1,225;1963,495;0,452
2,875;14,109;1,225;1963,495;0,5
1,642;2,484;1,225;1963,495;0,5
2,677;9,047;1,225;1963,495;0,417
4,067;36,868;1,225;1963,495;0,445
5,393;76,768;1,225;1963,495;0,437
10,707;693,164;1,225;1963,495;0,465
12,754;1168,19;1,225;1963,495;0,455
12,439;1008,064;1,225;1963,495;0,442
5,38;98,622;1,225;1963,495;0,474
2,828;13,862;1,225;1963,495;0,493
1,729;2,893;1,225;1963,495;0,464
10,871;640,753;1,225;1963,495;0,443
3,715;24,264;1,225;1963,495;0,391
11,406;792,421;1,225;1963,495;0,438
11,357;888,833;1,225;1963,495;0,499
9,233;382,125;1,225;1963,495;0,406
2,841;11,909;1,225;1963,495;0,456
13,325;1483,213;1,225;1963,495;0,5
11,349;703,696;1,225;1963,495;0,41
10,931;667,556;1,225;1963,495;0,448
11,107;706,884;1,225;1963,495;0,451
7,662;277,232;1,225;1963,495;0,5
4,721;61,473;1,225;1963,495;0,46
7,668;204,758;1,225;1963,495;0,458
12,771;1165,229;1,225;1963,495;0,453
8,361;287,964;1,225;1963,495;0,433
1,528;1,987;1,225;1963,495;0,448
9,611;475,614;1,225;1963,495;0,427
1,797;3,261;1,225;1963,495;0,452
4,223;39,167;1,225;1963,495;0,393
6,141;118,667;1,225;1963,495;0,42
1,608;2,452;1,225;1963,495;0,485
5,909;119,44;1,225;1963,495;0,458
13,296;1468,513;1,225;1963,495;0,5
11,105;701,858;1,225;1963,495;0,451
3,73;29,945;1,225;1963,495;0,497
4,569;46,242;1,225;1963,495;0,444
13,808;1177,885;1,225;1963,495;0,388
4,392;41,336;1,225;1963,495;0,438
3,402;23,935;1,225;1963,495;0,473
6,337;154,611;1,225;1963,495;0,476
8,1;250,011;1,225;1963,495;0,443
3,002;12,203;1,225;1963,495;0,393
9,627;489,295;1,225;1963,495;0,421
9,335;452,796;1,225;1963,495;0,45
7,624;256,017;1,225;1963,495;0,447
0,46;0,05;1,225;1963,495;0,46
12,734;1093,786;1,225;1963,495;0,44
1,163;0,908;1,225;1963,495;0,49
3,606;23,495;1,225;1963,495;0,482
13,629;1454,029;1,225;1963,495;0,458
14,318;1785,316;1,225;1963,495;0,454
5,21;75,726;1,225;1963,495;0,443
12,136;953,858;1,225;1963,495;0,442
4,193;44,524;1,225;1963,495;0,474
1,747;2,936;1,225;1963,495;0,449
5,757;94,861;1,225;1963,495;0,417
9,115;412,762;1,225;1963,495;0,45
5,254;84,253;1,225;1963,495;0,449
10,184;516,053;1,225;1963,495;0,412
4,83;60,371;1,225;1963,495;0,435
6,37;123,139;1,225;1963,495;0,384
0,902;0,347;1,225;1963,495;0,392
8,194;292,222;1,225;1963,495;0,459
13,011;1088,919;1,225;1963,495;0,418
7,433;227,669;1,225;1963,495;0,461
5,628;97,307;1,225;1963,495;0,469
10,306;565,67;1,225;1963,495;0,438
4,77;54,104;1,225;1963,495;0,417
6,051;135,437;1,225;1963,495;0,458
8,916;427,395;1,225;1963,495;0,475
12,355;1103,858;1,225;1963,495;0,431
0,976;0,529;1,225;1963,495;0,463
5,829;98,491;1,225;1963,495;0,398
11,729;822,161;1,225;1963,495;0,432
6,85;191,346;1,225;1963,495;0,484
8,599;302,841;1,225;1963,495;0,405
2,402;9,024;1,225;1963,495;0,482
6,695;138,352;1,225;1963,495;0,409
4,157;41,733;1,225;1963,495;0,476
2,888;16,388;1,225;1963,495;0,498
6,162;121,849;1,225;1963,495;0,445
1,066;0,731;1,225;1963,495;0,5
2,813;12,233;1,225;1963,495;0,42
14,123;1513,941;1,225;1963,495;0,467
11,764;922,579;1,225;1963,495;0,498
4,566;47,01;1,225;1963,495;0,456
3,27;19,278;1,225;1963,495;0,439
8,665;382,924;1,225;1963,495;0,453
9,703;540,04;1,225;1963,495;0,476
6,266;141,753;1,225;1963,495;0,449
4,994;77,795;1,225;1963,495;0,465
4,946;59,541;1,225;1963,495;0,429
4,653;44,322;1,225;1963,495;0,389
2,994;12,583;1,225;1963,495;0,427
14,037;1501,101;1,225;1963,495;0,429
12,89;1262,216;1,225;1963,495;0,474
0,559;0,09;1,225;1963,495;0,431
8,457;294,948;1,225;1963,495;0,418
1,237;1,05;1,225;1963,495;0,463
11,754;1098,797;1,225;1963,495;0,479
14,005;1469,404;1,225;1963,495;0,441
12,492;1031,352;1,225;1963,495;0,463
8,102;262,736;1,225;1963,495;0,434
10,649;648,319;1,225;1963,495;0,433
2,26;5,878;1,225;1963,495;0,399
2,564;10,461;1,225;1963,495;0,48
12,67;1197,396;1,225;1963,495;0,431
14,045;1450,536;1,225;1963,495;0,458
10,669;729,387;1,225;1963,495;0,5
9,377;439,648;1,225;1963,495;0,42
14,477;1550,756;1,225;1963,495;0,41
2,533;8,948;1,225;1963,495;0,452
13,342;1240,924;1,225;1963,495;0,462
1,462;1,642;1,225;1963,495;0,444
12,157;1035,068;1,225;1963,495;0,486
3,976;33,635;1,225;1963,495;0,439
7,654;242,633;1,225;1963,495;0,435
13,094;1083,773;1,225;1963,495;0,424
5,146;81,962;1,225;1963,495;0,5
11,133;734,911;1,225;1963,495;0,457
14,156;1573,022;1,225;1963,495;0,451
10,786;736,136;1,225;1963,495;0,492
2,552;9,469;1,225;1963,495;0,474
6,273;147,866;1,225;1963,495;0,456
2,747;11,039;1,225;1963,495;0,447
3,441;24,629;1,225;1963,495;0,497
0,881;0,373;1,225;1963,495;0,447
11,014;660,438;1,225;1963,495;0,445
10,944;781,798;1,225;1963,495;0,467
9,679;489,133;1,225;1963,495;0,392
8,652;358,182;1,225;1963,495;0,5
6,289;130,012;1,225;1963,495;0,442
5,955;113,733;1,225;1963,495;0,458
9,354;431,527;1,225;1963,495;0,414
12,752;1039,766;1,225;1963,495;0,418
11,244;731,341;1,225;1963,495;0,449
11,018;710,072;1,225;1963,495;0,46
8,977;352,732;1,225;1963,495;0,416
4,326;42,836;1,225;1963,495;0,43
5,924;123,456;1,225;1963,495;0,456
1,165;0,863;1,225;1963,495;0,451
3,918;29,593;1,225;1963,495;0,407
5,07;67,707;1,225;1963,495;0,448
4,298;51,053;1,225;1963,495;0,467
1,95;4,042;1,225;1963,495;0,474
3,473;24,642;1,225;1963,495;0,495
0,692;0,164;1,225;1963,495;0,405
1,283;1,161;1,225;1963,495;0,436
13,501;1323,767;1,225;1963,495;0,423
10,737;668,169;1,225;1963,495;0,457
5,42;90,655;1,225;1963,495;0,5
0,856;0,319;1,225;1963,495;0,446
6,228;138,784;1,225;1963,495;0,462
6,713;163,06;1,225;1963,495;0,45
9,809;487,695;1,225;1963,495;0,438
4,207;41,923;1,225;1963,495;0,45
4,957;66,351;1,225;1963,495;0,453
8,962;374,316;1,225;1963,495;0,437
4,003;31,836;1,225;1963,495;0,405
14,102;1567,875;1,225;1963,495;0,458
1,744;2,801;1,225;1963,495;0,43
4,485;46,255;1,225;1963,495;0,395
11,132;653,757;1,225;1963,495;0,404
3,897;33,296;1,225;1963,495;0,439
7,038;195,555;1,225;1963,495;0,43
5,68;104,467;1,225;1963,495;0,469
10,715;644,356;1,225;1963,495;0,461
6,421;145,152;1,225;1963,495;0,453
10,82;637,639;1,225;1963,495;0,399
8,791;401,667;1,225;1963,495;0,477
4,376;38,783;1,225;1963,495;0,408
2,902;14,493;1,225;1963,495;0,488
3,226;18,106;1,225;1963,495;0,429
3,82;31,028;1,225;1963,495;0,452
12,909;1086,986;1,225;1963,495;0,44
5,249;75,473;1,225;1963,495;0,414
8,094;293,335;1,225;1963,495;0,456
3,337;18,606;1,225;1963,495;0,456
1,091;0,673;1,225;1963,495;0,417
6,619;120,643;1,225;1963,495;0,35
11,997;890,677;1,225;1963,495;0,458
10,819;648,35;1,225;1963,495;0,455
0,88;0,421;1,225;1963,495;0,473
2,752;12,078;1,225;1963,495;0,5
13,802;1228,153;1,225;1963,495;0,414
13,352;1405,148;1,225;1963,495;0,483
3,172;18,033;1,225;1963,495;0,48
14,292;1768,882;1,225;1963,495;0,479
7,192;223,974;1,225;1963,495;0,418
2,199;6,425;1,225;1963,495;0,5
12,438;1031,825;1,225;1963,495;0,449
7,75;243,733;1,225;1963,495;0,426
10,777;693,797;1,225;1963,495;0,468
1,991;4,262;1,225;1963,495;0,422
6,882;188,771;1,225;1963,495;0,476
3,2;16,937;1,225;1963,495;0,425
10,537;719,147;1,225;1963,495;0,5
7,415;201,626;1,225;1963,495;0,411
8,815;384,179;1,225;1963,495;0,457
1,25;1,097;1,225;1963,495;0,485
8,009;251,837;1,225;1963,495;0,441
10,91;747,489;1,225;1963,495;0,448
8,384;325,467;1,225;1963,495;0,454
3,329;18,154;1,225;1963,495;0,475
1,194;1,011;1,225;1963,495;0,46
13,198;1197,127;1,225;1963,495;0,431
10,391;568,18;1,225;1963,495;0,432
10,267;703,724;1,225;1963,495;0,495
13,588;1361,065;1,225;1963,495;0,441
8,477;303,303;1,225;1963,495;0,399
12,644;1030,266;1,225;1963,495;0,431
0,552;0,096;1,225;1963,495;0,46
5,845;105,346;1,225;1963,495;0,446
2,002;4,216;1,225;1963,495;0,439
14,271;1415,091;1,225;1963,495;0,432
0,804;0,24;1,225;1963,495;0,425
2,873;12,051;1,225;1963,495;0,413
1,196;0,797;1,225;1963,495;0,445
9,648;540,716;1,225;1963,495;0,473
5,354;86,978;1,225;1963,495;0,459
5,749;120,933;1,225;1963,495;0,46
4,086;39,563;1,225;1963,495;0,443
11,481;902,27;1,225;1963,495;0,475
5,427;83,926;1,225;1963,495;0,484
7,407;230,966;1,225;1963,495;0,482
13,633;1420,371;1,225;1963,495;0,437
4,916;75,083;1,225;1963,495;0,482
11,602;727,05;1,225;1963,495;0,43
1,472;1,783;1,225;1963,495;0,5
0,596;0,127;1,225;1963,495;0,463
5,162;72,541;1,225;1963,495;0,435
3,616;25,681;1,225;1963,495;0,447
10,105;555,793;1,225;1963,495;0,443
2,358;7,075;1,225;1963,495;0,449
1,495;1,947;1,225;1963,495;0,492
8,322;333,879;1,225;1963,495;0,483
3,734;21,483;1,225;1963,495;0,37
13,935;1446,418;1,225;1963,495;0,468
10,792;776,613;1,225;1963,495;0,482
5,023;69,223;1,225;1963,495;0,445
1,417;1,377;1,225;1963,495;0,424
8,844;377,298;1,225;1963,495;0,475
6,498;159,408;1,225;1963,495;0,445
13,784;1288,191;1,225;1963,495;0,396
13,741;1540,403;1,225;1963,495;0,488
1,513;1,78;1,225;1963,495;0,459
0,458;0,058;1,225;1963,495;0,5
7,205;198,293;1,225;1963,495;0,458
2,868;13,011;1,225;1963,495;0,451
4,438;45,008;1,225;1963,495;0,417
6,876;174,933;1,225;1963,495;0,428
5,69;103,102;1,225;1963,495;0,436
5,381;78,072;1,225;1963,495;0,444
6,731;159,117;1,225;1963,495;0,417
9,993;601,531;1,225;1963,495;0,5
7,719;244,005;1,225;1963,495;0,456
12,881;1145,18;1,225;1963,495;0,479
10,865;657,397;1,225;1963,495;0,456
11,784;972,7;1,225;1963,495;0,441
9,662;470,556;1,225;1963,495;0,423
1,943;4,16;1,225;1963,495;0,451
13,358;1250,625;1,225;1963,495;0,434
9,71;536,606;1,225;1963,495;0,498
14,141;1330,272;1,225;1963,495;0,404
13,012;1275,838;1,225;1963,495;0,472
6,56;173,543;1,225;1963,495;0,5
11,537;806,187;1,225;1963,495;0,432
0,44;0,043;1,225;1963,495;0,399
11,832;945,058;1,225;1963,495;0,458
3,747;30,533;1,225;1963,495;0,487
12,007;979,156;1,225;1963,495;0,466
3,62;21,058;1,225;1963,495;0,407
8,449;314,006;1,225;1963,495;0,471
8,879;411,847;1,225;1963,495;0,471
4,321;50,884;1,225;1963,495;0,484
14,009;1433,832;1,225;1963,495;0,43
0,84;0,307;1,225;1963,495;0,438
9,626;496,414;1,225;1963,495;0,439
13,238;1207,028;1,225;1963,495;0,445
2,258;7,124;1,225;1963,495;0,5
3,902;30,733;1,225;1963,495;0,43
6,562;165,264;1,225;1963,495;0,463
10,349;596,107;1,225;1963,495;0,415
11,848;845,731;1,225;1963,495;0,46
2,695;10,579;1,225;1963,495;0,428
11,27;679,637;1,225;1963,495;0,396
2,278;5,919;1,225;1963,495;0,444
8,316;329,558;1,225;1963,495;0,452
13,696;1433,094;1,225;1963,495;0,443
4,666;49,825;1,225;1963,495;0,377
11,623;832,553;1,225;1963,495;0,423
8,587;288,351;1,225;1963,495;0,406
0,646;0,171;1,225;1963,495;0,48
10,827;654,876;1,225;1963,495;0,436
3,99;36,43;1,225;1963,495;0,476
8,63;377,454;1,225;1963,495;0,484
6,643;151,05;1,225;1963,495;0,421
4,769;61,111;1,225;1963,495;0,469
10,672;634,672;1,225;1963,495;0,44
3,596;23,953;1,225;1963,495;0,462
9,427;438,304;1,225;1963,495;0,466
1,86;3,458;1,225;1963,495;0,45
9,203;411,457;1,225;1963,495;0,377
10,203;722,054;1,225;1963,495;0,498
13,594;1342,42;1,225;1963,495;0,471
11,877;800,355;1,225;1963,495;0,415
5,421;77,201;1,225;1963,495;0,439
6,841;141,17;1,225;1963,495;0,378
1,802;3,567;1,225;1963,495;0,457
11,973;932,04;1,225;1963,495;0,5
8,296;292,571;1,225;1963,495;0,48
9,87;557,852;1,225;1963,495;0,484
9,506;523,837;1,225;1963,495;0,484
11,362;847,176;1,225;1963,495;0,456
12,92;1016,535;1,225;1963,495;0,408
12,475;1102,37;1,225;1963,495;0,448
9,104;352,387;1,225;1963,495;0,417
13,372;1264,098;1,225;1963,495;0,446
9,092;414,704;1,225;1963,495;0,442
10,668;626,129;1,225;1963,495;0,456
2,452;7,886;1,225;1963,495;0,457
10,068;540,114;1,225;1963,495;0,44
9,158;357,915;1,225;1963,495;0,442
9,693;486,899;1,225;1963,495;0,426
3,096;15,869;1,225;1963,495;0,438
0,746;0,249;1,225;1963,495;0,481
2,553;9,051;1,225;1963,495;0,433
9,844;595,42;1,225;1963,495;0,466
8,604;365,14;1,225;1963,495;0,467
9,695;421,792;1,225;1963,495;0,412
7,804;251,228;1,225;1963,495;0,432
3,481;24,542;1,225;1963,495;0,48
7,054;187,557;1,225;1963,495;0,453
7,074;218,689;1,225;1963,495;0,453
6,309;121,588;1,225;1963,495;0,421
2,38;5,913;1,225;1963,495;0,423
4,851;58,002;1,225;1963,495;0,407
3,238;18,17;1,225;1963,495;0,458
7,763;190,526;1,225;1963,495;0,385
14,04;1677,243;1,225;1963,495;0,477
5,784;95,143;1,225;1963,495;0,432
2,428;7,452;1,225;1963,495;0,455
12,265;961,607;1,225;1963,495;0,463
10,659;718,726;1,225;1963,495;0,5
7,396;233,327;1,225;1963,495;0,468
10,61;760,775;1,225;1963,495;0,483
1,393;1,456;1,225;1963,495;0,443
3,926;38,008;1,225;1963,495;0,5
3,026;14,807;1,225;1963,495;0,425
13,625;1353,45;1,225;1963,495;0,468
4,89;80,671;1,225;1963,495;0,5
6,635;171,483;1,225;1963,495;0,474
2,111;5,099;1,225;1963,495;0,469
9,566;563,484;1,225;1963,495;0,468
0,481;0,056;1,225;1963,495;0,474
8,54;377,993;1,225;1963,495;0,483
9,576;519,233;1,225;1963,495;0,459
1,425;1,667;1,225;1963,495;0,486
9,26;385,551;1,225;1963,495;0,408
10,061;513,384;1,225;1963,495;0,442
10,4;557,848;1,225;1963,495;0,419
7,775;254,637;1,225;1963,495;0,448
14,444;1614,371;1,225;1963,495;0,489
1,525;1,943;1,225;1963,495;0,465
9,5;498,694;1,225;1963,495;0,467
1,586;2,271;1,225;1963,495;0,495
2,996;14,995;1,225;1963,495;0,47
11,006;683,115;1,225;1963,495;0,414
8,509;311,811;1,225;1963,495;0,406
6,284;116,788;1,225;1963,495;0,41
5,189;68,226;1,225;1963,495;0,431
6,886;211,346;1,225;1963,495;0,5
11,622;830,066;1,225;1963,495;0,433
3,117;17,069;1,225;1963,495;0,48
10,971;602,495;1,225;1963,495;0,414
5,234;83,995;1,225;1963,495;0,476
14,221;1381,806;1,225;1963,495;0,416
5,52;83,186;1,225;1963,495;0,417
2,484;7,337;1,225;1963,495;0,439
3,96;35,123;1,225;1963,495;0,43
5,751;77,322;1,225;1963,495;0,366
14,047;1274,388;1,225;1963,495;0,398
2,806;10,063;1,225;1963,495;0,457
1,67;2,542;1,225;1963,495;0,442
10,605;662,658;1,225;1963,495;0,477
1,293;1,054;1,225;1963,495;0,414
6,238;125,284;1,225;1963,495;0,41
13,344;1237,851;1,225;1963,495;0,454
6,527;150,35;1,225;1963,495;0,445
9,732;478,998;1,225;1963,495;0,456
5,64;98,572;1,225;1963,495;0,47
4,031;33,294;1,225;1963,495;0,426
10,772;743,224;1,225;1963,495;0,476
9,664;528,169;1,225;1963,495;0,483
3,314;18,57;1,225;1963,495;0,403
4,75;57,092;1,225;1963,495;0,426
4,266;40,336;1,225;1963,495;0,479
11,754;859,15;1,225;1963,495;0,5
8,596;338,567;1,225;1963,495;0,412
8,653;380,366;1,225;1963,495;0,471
10,794;769,816;1,225;1963,495;0,458
6,328;145,02;1,225;1963,495;0,46
7,139;204,193;1,225;1963,495;0,492
8,906;413,959;1,225;1963,495;0,46
9,853;625,901;1,225;1963,495;0,5
6,624;156,596;1,225;1963,495;0,477
7,162;203,413;1,225;1963,495;0,454
4,677;54,395;1,225;1963,495;0,443
3,152;17,356;1,225;1963,495;0,482
5,304;85,56;1,225;1963,495;0,44
10,155;539,668;1,225;1963,495;0,452
10,41;587,823;1,225;1963,495;0,438
12,623;1042,878;1,225;1963,495;0,452
9,711;466,049;1,225;1963,495;0,445
2,29;6,819;1,225;1963,495;0,474
4,489;45,925;1,225;1963,495;0,456
7,511;275,914;1,225;1963,495;0,494
6,652;154,598;1,225;1963,495;0,44
6,29;150,18;1,225;1963,495;0,458
12,944;1116,353;1,225;1963,495;0,497
6,922;170,739;1,225;1963,495;0,425
3,874;33,418;1,225;1963,495;0,461
12,856;1345,683;1,225;1963,495;0,47
1,915;4,201;1,225;1963,495;0,498
4,566;47,795;1,225;1963,495;0,468
8,837;419,087;1,225;1963,495;0,5
13,124;1079,33;1,225;1963,495;0,444
13,545;1202,781;1,225;1963,495;0,379
0,549;0,079;1,225;1963,495;0,415
3,812;25,971;1,225;1963,495;0,409
10,746;631,433;1,225;1963,495;0,469
5,967;120,955;1,225;1963,495;0,477
2,915;13,39;1,225;1963,495;0,435
5,216;83,342;1,225;1963,495;0,431
3,565;24,225;1,225;1963,495;0,441
0,968;0,47;1,225;1963,495;0,444
6,198;119,141;1,225;1963,495;0,443
6,95;144,063;1,225;1963,495;0,383
10,249;588,299;1,225;1963,495;0,457
2,606;8,634;1,225;1963,495;0,424
5,308;85,81;1,225;1963,495;0,481
7,26;201,834;1,225;1963,495;0,44
6,599;155,329;1,225;1963,495;0,489
1,164;0,894;1,225;1963,495;0,471
1,282;0,986;1,225;1963,495;0,426
12,588;1031,193;1,225;1963,495;0,424
3,008;13,815;1,225;1963,495;0,419
7,151;203,23;1,225;1963,495;0,44
2,064;4,456;1,225;1963,495;0,428
0,858;0,302;1,225;1963,495;0,429
1,296;1,08;1,225;1963,495;0,402
13,82;1654,941;1,225;1963,495;0,47
8,379;322,965;1,225;1963,495;0,462
3,921;29,153;1,225;1963,495;0,424
2,058;5,112;1,225;1963,495;0,473
1,255;1,1;1,225;1963,495;0,445
4,386;46,512;1,225;1963,495;0,454
4,181;40,663;1,225;1963,495;0,479
1,828;3,351;1,225;1963,495;0,464
8,156;314,125;1,225;1963,495;0,458
11,922;1021,602;1,225;1963,495;0,5
6,652;122,432;1,225;1963,495;0,396
12,067;947,488;1,225;1963,495;0,45
12,379;1032,809;1,225;1963,495;0,435
3,058;15,356;1,225;1963,495;0,485
8,414;293,841;1,225;1963,495;0,426
2,452;7,579;1,225;1963,495;0,452
1,826;2,868;1,225;1963,495;0,456
9,44;427,43;1,225;1963,495;0,5
13,563;1443,84;1,225;1963,495;0,473
7,92;270,526;1,225;1963,495;0,404
13,056;997,376;1,225;1963,495;0,416
14,122;1261,52;1,225;1963,495;0,414
9,712;561,839;1,225;1963,495;0,458
4,308;49,409;1,225;1963,495;0,5
1,691;2,691;1,225;1963,495;0,473
3,215;19,708;1,225;1963,495;0,456
13,459;1138,785;1,225;1963,495;0,425
6,018;118,98;1,225;1963,495;0,473
13,589;1301,893;1,225;1963,495;0,431
5,919;132,071;1,225;1963,495;0,482
10,974;700,278;1,225;1963,495;0,44
0,434;0,041;1,225;1963,495;0,408
5,301;84,294;1,225;1963,495;0,475
13,053;1060,17;1,225;1963,495;0,409
1,318;1,198;1,225;1963,495;0,427
5,421;90,73;1,225;1963,495;0,442
2,193;5,795;1,225;1963,495;0,498
10,689;473,95;1,225;1963,495;0,39
12,422;971,388;1,225;1963,495;0,461
1,09;0,698;1,225;1963,495;0,45
9,505;477,267;1,225;1963,495;0,431
11,136;829,516;1,225;1963,495;0,471
2,388;7,433;1,225;1963,495;0,44
2,559;9,281;1,225;1963,495;0,43
2,801;12,671;1,225;1963,495;0,45
10,651;676,724;1,225;1963,495;0,448
4,276;39,648;1,225;1963,495;0,419
10,185;570,027;1,225;1963,495;0,444
1,435;1,859;1,225;1963,495;0,488
10,83;699,725;1,225;1963,495;0,436
10,03;531,339;1,225;1963,495;0,443
6,438;157,527;1,225;1963,495;0,479
6,65;143,141;1,225;1963,495;0,441
13,1;1135,502;1,225;1963,495;0,451
3,046;16,771;1,225;1963,495;0,496
6,348;102,135;1,225;1963,495;0,356
7,092;184,493;1,225;1963,495;0,431
2,688;10,01;1,225;1963,495;0,444
4,622;52,88;1,225;1963,495;0,487
2,744;10,337;1,225;1963,495;0,45
1,303;1,413;1,225;1963,495;0,496
12,707;1082,442;1,225;1963,495;0,45
5,373;77,041;1,225;1963,495;0,411
5,564;92,448;1,225;1963,495;0,447
9,427;474,457;1,225;1963,495;0,471
3,07;14,974;1,225;1963,495;0,484
7,572;214,645;1,225;1963,495;0,398
11,371;734,92;1,225;1963,495;0,451
4,102;40,257;1,225;1963,495;0,463
2,754;10,394;1,225;1963,495;0,483
4,126;39,407;1,225;1963,495;0,454
14,125;1422,97;1,225;1963,495;0,459
13,143;1198,8;1,225;1963,495;0,443
10,274;582,944;1,225;1963,495;0,472
6,277;137,064;1,225;1963,495;0,474
4,839;64,555;1,225;1963,495;0,453
6,129;112,437;1,225;1963,495;0,449
2,477;8,969;1,225;1963,495;0,49
10,406;535,014;1,225;1963,495;0,394
1,571;2,096;1,225;1963,495;0,423
6,216;135,512;1,225;1963,495;0,443
11,797;916,017;1,225;1963,495;0,474
8,641;327,584;1,225;1963,495;0,447
12,417;1226,254;1,225;1963,495;0,459
1,63;2,308;1,225;1963,495;0,43
10,86;705,677;1,225;1963,495;0,484
3,866;29,214;1,225;1963,495;0,45
8,624;287,02;1,225;1963,495;0,451
10,119;612,762;1,225;1963,495;0,5
13,272;1375,397;1,225;1963,495;0,5
5,951;127,818;1,225;1963,495;0,479
7,787;220,509;1,225;1963,495;0,406
3,19;16,736;1,225;1963,495;0,422
9,743;491,25;1,225;1963,495;0,446
6,365;147,247;1,225;1963,495;0,451
10,614;699,757;1,225;1963,495;0,485
10,242;557,664;1,225;1963,495;0,455
2,852;13,299;1,225;1963,495;0,467
0,4;0,033;1,225;1963,495;0,407
10,893;622,638;1,225;1963,495;0,434
10,156;639,477;1,225;1963,495;0,471
6,143;120,377;1,225;1963,495;0,472
2,999;18,382;1,225;1963,495;0,5
8,375;293,331;1,225;1963,495;0,417
14,061;1632,004;1,225;1963,495;0,477
12,751;1272,947;1,225;1963,495;0,5
5,133;68,318;1,225;1963,495;0,392
6,639;170,15;1,225;1963,495;0,49
6,116;128,115;1,225;1963,495;0,446
10,499;654,281;1,225;1963,495;0,466
10,576;633,591;1,225;1963,495;0,45
5,351;75,123;1,225;1963,495;0,5
12,995;1058,975;1,225;1963,495;0,469
6,223;135,138;1,225;1963,495;0,476
5,535;97,484;1,225;1963,495;0,458
2,077;4,712;1,225;1963,495;0,433
5,839;128,422;1,225;1963,495;0,5
3,579;26,89;1,225;1963,495;0,485
1,54;2,042;1,225;1963,495;0,429
10,602;701,845;1,225;1963,495;0,456
4,942;64,644;1,225;1963,495;0,465
6,105;106,01;1,225;1963,495;0,427
8,687;339,431;1,225;1963,495;0,472
6,228;122,787;1,225;1963,495;0,46
7,761;250,421;1,225;1963,495;0,411
11,023;740,056;1,225;1963,495;0,439
6,046;111,13;1,225;1963,495;0,439
9,642;541,789;1,225;1963,495;0,442
7,958;318,858;1,225;1963,495;0,482
13,267;1310,422;1,225;1963,495;0,491
6,738;149,532;1,225;1963,495;0,396
5,545;95,345;1,225;1963,495;0,477
3,533;24,136;1,225;1963,495;0,486
12,826;1040,148;1,225;1963,495;0,426
10,388;625,608;1,225;1963,495;0,476
5,348;78,557;1,225;1963,495;0,453
10,455;577,562;1,225;1963,495;0,41
2,579;8,908;1,225;1963,495;0,493
9,085;354,459;1,225;1963,495;0,409
1,933;3,685;1,225;1963,495;0,446
2,315;6,262;1,225;1963,495;0,452
9,152;372,68;1,225;1963,495;0,396
14,355;1588,512;1,225;1963,495;0,472
8,739;301,839;1,225;1963,495;0,388
1,965;3,626;1,225;1963,495;0,397
4,904;68,391;1,225;1963,495;0,469
9,777;586,17;1,225;1963,495;0,47
7,749;249,671;1,225;1963,495;0,453
1,133;0,802;1,225;1963,495;0,478
1,088;0,71;1,225;1963,495;0,429
13,823;1527,234;1,225;1963,495;0,411
13,572;1207,171;1,225;1963,495;0,389
6,431;126,298;1,225;1963,495;0,426
3,581;24,049;1,225;1963,495;0,442
13,61;1306,148;1,225;1963,495;0,432
7,533;239,639;1,225;1963,495;0,48
6,765;171,033;1,225;1963,495;0,426
1,407;1,663;1,225;1963,495;0,47
6,169;127,583;1,225;1963,495;0,399
4,985;68,185;1,225;1963,495;0,419
2,784;11,337;1,225;1963,495;0,473
